galaxy,bibcode,citation,band,modulus,random_error,systematic_error,total_error,category_error,cepheids_number,metal_correction,zero_point,probe_quality,publication_year,review_year,comments,review_author,ads_date,ads_jd
IC0010,2000ApJ...529..745F,Ferrarese et al.2000,W(VI),24.1,0.19,,,1,4,False,LMC,1,2000,2024,There are no specific comments on the publication.,Valencia et al.2024,2000-02-00,2451575.5
M33,2000ApJ...529..745F,Ferrarese et al.2000,VI,24.64,0.09,,,1,10,False,LMC,1,2000,2024,They calculate gamma.,Valencia et al.2024,2000-02-00,2451575.5
M33,2001ApJ...548..564W,Willick & Batra 2001,W(VI),24.47,0.13,,,1,12,False,LMC,1,2001,2024,They do not apply correction for metallicity.,Valencia et al.2024,2001-02-00,2451941.5
M33,2001ApJ...553...47F,Freedman et al.2001,W(VI),24.56,0.1,,,1,11,False,LMC,1,2001,2024,There are no specific comments on the publication.,Valencia et al.2024,2001-05-00,2452030.5
M33,2001ApJ...553...47F,Freedman et al.2001,W(VI),24.62,0.1,,,1,11,True,LMC,1,2001,2024,Correction for metallicity and same uncertainty as without correction. The systematic errors are only when analyzing H0.,Valencia et al.2024,2001-05-00,2452030.5
M33,2002A&A...383..398P,Paturel et al. 2002,W(VI),24.83,0.12,,,3,-1,False,GC,3,2002,2026,"Ground-based VI sample; not flagged as secure. A +/-0.5 mag Vlim change shifts mu by -0.38/-0.23 mag. Table 6 lists 22 sosie matches, not a verified count of unique Cepheids.",Quintero-Salazar et al.2026,2002-02-00,2452306.5
M33,2002ApJ...565..959L,Lee et al.2002,W(VI),24.52,0.14,0.13,0.1910497317,2,21,False,LMC,1,2002,2024,They use data from Paturel et al. 2002 but with HIPPARCOS calibration.,Valencia et al.2024,2002-02-00,2452306.5
M33,2002A&A...389...19P,"Paturel, G. et al.2002",W(VI),24.7,0.13,,,1,22,False,GC,1,2002,2024,They do not apply correction for metallicity.,Valencia et al.2024,2002-07-00,2452456.5
M33,2004ApJ...608...42S,Sakai et al.2004,BVRI,24.47,0.11,,,1,-1,False,LMC,1,2004,2024,They apply the metallicity correction from Freedman et al. 2001.,Valencia et al.2024,2004-06-00,2453157.5
M33,2006ApJS..165..108S,Saha et al.2006,W(VI),24.64,0.06,0.08,0.1,2,10,True,GC+LMC,1,2006,2024,They calculate gamma from TRGB.,Valencia et al.2024,2006-07-00,2453917.5
M33,2009MNRAS.396.1287S,Sowcroft et al.2009,W(BVI_C),24.37,0.02,,,1,98,False,LMC,3,2009,2024,They delve into the HST CTE correction.,Valencia et al.2024,2009-07-00,2455013.5
M33,2009MNRAS.396.1287S,Sowcroft et al.2009,W(BVI_C),24.54,0.03,,,1,28,False,LMC,3,2009,2024,Internal region of the galaxy.,Valencia et al.2024,2009-07-00,2455013.5
M33,2010ApJ...715..277B,Bono et al. 2010,BV(W),24.39,0.3,,,1,-1,True,LMC,1,2010,2026,"As in NED: BV(W), inner",Quintero-Salazar et al.2026,2010-05-00,2455317.5
M33,2010ApJ...715..277B,Bono et al. 2010,VI(W),24.41,0.27,,,1,-1,True,LMC,1,2010,2026,"As in NED: VI(W), inner",Quintero-Salazar et al.2026,2010-05-00,2455317.5
M33,2010ApJ...715..277B,Bono et al. 2010,VI(W),24.65,0.19,,,1,-1,True,LMC,1,2010,2026,"As in NED: VI(W), outer",Quintero-Salazar et al.2026,2010-05-00,2455317.5
M33,2010ApJ...715..277B,Bono et al. 2010,BV(W),24.67,0.31,,,1,-1,True,LMC,1,2010,2026,"As in NED: BV(W), outer",Quintero-Salazar et al.2026,2010-05-00,2455317.5
M33,2011ApJS..193...26P,Pellerin & Macri 2011,W(VI),24.76,0.02,,,1,564,False,LMC,3,2011,2024,Photometry of all galaxies and all Cepheids.,Valencia et al.2024,2011-04-00,2455652.5
M33,2011ApJS..193...26P,Pellerin & Macri 2011,W(VI),24.77,0.04,,,1,564,False,LMC,3,2011,2024,External region of the galaxy.,Valencia et al.2024,2011-04-00,2455652.5
M33,2013ApJ...773...69G,Gieren et al.2013,JK,24.62,0.03,0.04,0.05,2,26,True,LMC,2,2013,2024,There are no specific comments on the publication.,Valencia et al.2024,2013-08-00,2456505.5
M33,2023ApJ...951..118B,Breuval et al.2023,gri,24.622,0.0094,0.028,0.02953574106,2,150,True,LMC,1,2023,2024,"They apply a filter to Cepheids and add the effect of blending to e_S. Publication with more recent and accurate data for all systematic effects, e_R considers photometric error and RPL of M33, e_S considers correction for galaxy geometry, RPL of LMC, correction for metallicity, correction for CRNL (count-rate nonlinearity) for bright stars near the WFC3-IR instrument.Numero de cefeidas similar a 150.",Valencia et al.2024,2023-07-00,2460126.5
M81,2000ApJ...529..745F,Ferrarese et al.2000,W(VI),27.8,0.08,,,1,30,False,LMC,1,2000,2024,They calculate gamma.,Valencia et al.2024,2000-02-00,2451575.5
M81,2001ApJ...548..564W,Willick & Batra 2001,W(VI),27.66,0.09,,,1,25,False,LMC,1,2001,2024,They do not apply metallicity correction.,Valencia et al.2024,2001-02-00,2451941.5
M81,2001ApJ...549..721M,Macri et al.2001,H,27.91,0.08,,,1,6,True,LMC,1,2001,2024,They use the H band.,Valencia et al.2024,2001-03-00,2451969.5
M81,2001ApJ...553...47F,Freedman et al.2001,W(VI),27.75,0.08,,,1,17,False,LMC,1,2001,2024,No specific comments on the publication.,Valencia et al.2024,2001-05-00,2452030.5
M81,2001ApJ...553...47F,Freedman et al.2001,W(VI),27.8,0.08,,,1,17,True,LMC,1,2001,2024,They apply metallicity correction.,Valencia et al.2024,2001-05-00,2452030.5
M81,2002A&A...383..398P,Paturel et al. 2002,W(VI),27.75,0.1,,,3,-1,False,GC,1,2002,2026,"Preferred near-solar-metallicity solution. Table 6 gives 92 sosie matches, not a verified unique-Cepheid count. The quoted uncertainty is internal; total errors may approach 0.3 mag.",Quintero-Salazar et al.2026,2002-02-00,2452306.5
M81,2002A&A...389...19P,"Paturel, G. et al.2002",W(VI),27.66,0.08,,,1,92,False,GC,1,2002,2024,They use data from Paurel et al. 2002 but with HIPPARCOS calibration.,Valencia et al.2024,2002-07-00,2452456.5
M81,2003A&A...411..361K,"Kanbur, S. M. et al.2003",W(VI),27.791,0.093,,,1,17,False,LMC,1,2003,2026,Representative mean-light result using the authors' OGLE LMC PL fit. No CTE or metallicity correction was applied; the error is random only.,Quintero-Salazar et al.2026,2003-12-00,2452974.5
M81,2003A&A...411..361K,"Kanbur, S. M. et al.2003",W(VI),27.793,0.094,,,1,17,False,LMC,1,2003,2026,Maximum-light OGLE LMC PL solution used as a consistency check. No CTE or metallicity correction was required.,Quintero-Salazar et al.2026,2003-12-00,2452974.5
M81,2003A&A...411..361K,"Kanbur, S. M. et al.2003",W(VI),27.83,0.095,,,1,17,True,GC,1,2003,2026,FSG03 Galactic solution with a -0.024 mag metallicity correction relative to Galactic abundance.,Quintero-Salazar et al.2026,2003-12-00,2452974.5
M81,2003A&A...411..361K,"Kanbur, S. M. et al.2003",W(VI),27.841,0.093,,,1,17,True,LMC,1,2003,2026,LMC mean-light solution with a +0.050 mag metallicity correction. The additive correction leaves the random error unchanged.,Quintero-Salazar et al.2026,2003-12-00,2452974.5
M81,2003A&A...411..361K,"Kanbur, S. M. et al.2003",W(VI),27.854,0.095,,,1,17,False,GC,1,2003,2026,Representative mean-light result using the FSG03 Galactic PL relations. No CTE or metallicity correction was applied.,Quintero-Salazar et al.2026,2003-12-00,2452974.5
M81,2004ApJ...608...42S,Sakai et al.2004,BVRI,27.75,0.08,,,1,-1,False,LMC,1,2004,2024,Calculate gamma from TRGB.,Valencia et al.2024,2004-06-00,2453157.5
M81,2006ApJS..165..108S,Saha et al.2006,VI,27.8,0.09,0.08,0.1204159458,2,24,True,GC+LMC,1,2006,2024,They delve into the HST CTE correction.,Valencia et al.2024,2006-07-00,2453917.5
M81,2009AJ....137.4707M,McCommas et al.2009,W(VI),27.78,0.05,0.14,0.1486606875,2,12,False,N4258,1,2009,2024,"Final value of the publication, they remove an outlier.",Valencia et al.2024,2009-06-00,2454983.5
M81,2011ApJ...743..176G,Gerke et al.2011,W(VI),27.74,0.05,,,1,81,False,LMC,1,2011,2024,OGLE-II + N4258 LMC RPL with fixed metallicity gradient value.,Valencia et al.2024,2011-12-00,2455896.5
M81,2011ApJ...743..176G,Gerke et al.2011,W(VI),27.8,0.14,,,3,81,True,LMC,1,2011,2024,OGLE-II LMC RPL with fixed metallicity gradient value.,Valencia et al.2024,2011-12-00,2455896.5
M81,2011ApJ...743..176G,Gerke et al.2011,W(VI),27.8,0.16,,,3,81,False,LMC,1,2011,2024,"OGLE-II+N4258 LMC RPL with [O/H] function, sigma_rand = +0.11,-0.16.",Valencia et al.2024,2011-12-00,2455896.5
M81,2011ApJ...743..176G,Gerke et al.2011,W(VI),27.81,0.15,,,3,81,False,LMC,1,2011,2024,"OGLE-II LMC RPL, using [O/H] function",Valencia et al.2024,2011-12-00,2455896.5
M101,2000ApJ...529..745F,Ferrarese et al.2000,W(VI),29.34,0.1,,,1,61,False,LMC,1,2000,2024,They calculate gamma.,Valencia et al.2024,2000-02-00,2451575.5
M101,2001ApJ...548..564W,Willick & Batra 2001,W(VI),29.2,0.08,,,1,33,False,LMC,1,2001,2024,No metallicity correction applied.,Valencia et al.2024,2001-02-00,2451941.5
M101,2001ApJ...549..721M,Macri et al.2001,J,29.19,0.08,,,1,8,True,LMC,1,2001,2024,Internal region of the galaxy.,Valencia et al.2024,2001-03-00,2451969.5
M101,2001ApJ...549..721M,Macri et al.2001,J,29.53,0.1,,,1,8,True,LMC,1,2001,2024,External region of the galaxy.,Valencia et al.2024,2001-03-00,2451969.5
M101,2001ApJ...553...47F,Freedman et al.2001,W(VI),29.13,0.11,,,1,25,False,LMC,1,2001,2024,There are no specific comments on the publication.,Valencia et al.2024,2001-05-00,2452030.5
M101,2001ApJ...553...47F,Freedman et al.2001,W(VI),29.13,0.11,,,1,25,True,LMC,1,2001,2024,"Metallicity correction applied, systematic errors only analyzed in H0.",Valencia et al.2024,2001-05-00,2452030.5
M101,2002A&A...383..398P,Paturel et al. 2002,W(VI),29.3,0.07,,,3,-1,False,GC,1,2002,2026,"Preferred near-solar-metallicity solution, with modest Vlim sensitivity (+0.10/-0.01 mag). Table 6 lists 102 sosie matches rather than a verified number of distinct Cepheids.",Quintero-Salazar et al.2026,2002-02-00,2452306.5
M101,2002A&A...389...19P,"Paturel, G. et al.2002",W(VI),29.23,0.07,,,1,102,False,GC,1,2002,2024,Use data from Paturel et al. 2002 but with HIPPARCOS calibration.,Valencia et al.2024,2002-07-00,2452456.5
M101,2004ApJ...608...42S,Sakai et al.2004,BVRI,29.14,0.09,,,1,-1,False,LMC,1,2004,2024,"They calculate gamma from TRGB, outer and inner regions of the galaxy, respectively.",Valencia et al.2024,2004-06-00,2453157.5
M101,2004ApJ...608...42S,Sakai et al.2004,BVRI,29.24,0.08,,,1,-1,False,LMC,1,2004,2024,"They calculate gamma from TRGB, outer and inner regions of the galaxy, respectively.",Valencia et al.2024,2004-06-00,2453157.5
M101,2006ApJS..165..108S,Saha et al.2006,W(VI),29.16,0.04,0.08,0.0894427191,2,65,True,GC+LMC,1,2006,2024,"They delve into the HST CTE correction, inner region of the galaxy.",Valencia et al.2024,2006-07-00,2453917.5
M101,2011ApJ...733..124S,Shappee & Stanek 2011,W(VI),29.04,0.05,0.18,0.1868154169,2,827,False,LMC,1,2011,2024,External region of the galaxy.,Valencia et al.2024,2011-06-00,2455713.5
M101,2013ApJ...777...79M,Mager et al.2013,W(VI),28.96,0.11,,,3,619,True,LMC,1,2015,2024,They use the [O/H] function with respect to its galactic radius.,Valencia et al.2024,2013-11-00,2456597.5
M101,2015MNRAS.449.1171N,Nataf et al. 2015,W(VI),29.1,0.011,,,5,228,True,LMC,1,2015,2026,Alternative relative solution using CCM89 and a fixed literature metallicity coefficient gamma=-0.23 mag dex^-1. The LMC absolute modulus is not added; the author regards the fixed-gamma analysis mainly as a comparison.,Quintero-Salazar et al.2026,2015-05-00,2457143.5
M101,2015MNRAS.449.1171N,Nataf et al. 2015,W(VI),29.14,0.031,,,5,228,True,LMC,1,2015,2026,Relative modulus to the LMC; its zero point is not added. CCM89 uses RI=1.4695 and gives gamma=-0.433+/-0.145 mag dex^-1. Three of 231 clean Cepheids were rejected by recursive 3-sigma clipping.,Quintero-Salazar et al.2026,2015-05-00,2457143.5
M101,2015MNRAS.449.1171N,Nataf et al. 2015,W(VI),29.14,0.011,,,5,228,True,LMC,1,2015,2026,Alternative LMC-relative solution with the F99 extinction curve and gamma=-0.23 mag dex^-1 fixed from the literature. The quoted uncertainty is random and no absolute LMC zero point is included.,Quintero-Salazar et al.2026,2015-05-00,2457143.5
M101,2015MNRAS.449.1171N,Nataf et al. 2015,W(VI),29.17,0.031,,,5,228,True,LMC,1,2015,2026,Relative modulus to the LMC with no absolute LMC zero point added. The F99 extinction curve uses RI=1.2899 and yields gamma=-0.406+/-0.144 mag dex^-1.,Quintero-Salazar et al.2026,2015-05-00,2457143.5
M101,2015MNRAS.449.1171N,Nataf et al. 2015,W(VI),29.17,0.011,,,5,228,True,LMC,1,2015,2026,Alternative FM07 result with gamma=-0.23 mag dex^-1 fixed. It is relative to the LMC without adding its absolute modulus. FM07 provides the smallest sensitivity to the adopted reddening cut.,Quintero-Salazar et al.2026,2015-05-00,2457143.5
M101,2015MNRAS.449.1171N,Nataf et al. 2015,W(VI),29.2,0.031,,,5,228,True,LMC,1,2015,2026,"Preferred relative modulus; no LMC zero point is added. FM07 uses RI=1.1450, gives gamma=-0.384+/-0.144 mag dex^-1, and is least sensitive to the reddening cut. Only random error is quoted.",Quintero-Salazar et al.2026,2015-05-00,2457143.5
M101,2016ApJ...826...56R,Riess et al.2016,VIHK,29.135,0.045,,,1,251,True,N4258,1,2016,2024,"The values do not appear in the article, they are online.",Valencia et al.2024,2016-07-00,2457570.5
M101,2022ApJ...934L...7R,Riess et al. 2022,W H(VI),29.178,0.036,0.019,0.041,2,259,True,N4258+GC+LMC,1,2022,2026,Preferred SN-independent mu_host; no SN data from any host enter this distance. The systematic component is correlated across hosts. Error computed/retrieved from Table6.,Quintero-Salazar et al.2026,2022-07-00,2459761.5
M101,2022ApJ...934L...7R,Riess et al. 2022,W H(VI),29.194,0.034,0.019,0.039,2,259,True,N4258+GC+LMC,1,2022,2026,Approximate mu_Ceph obtained after excluding only SN 2011fe. M101 Cepheids with P>35 days are excluded because of completeness bias. Error computed/retrieved from Table6.,Quintero-Salazar et al.2026,2022-07-00,2459761.5
MRK116,2007ApJ...667L.151A,Aloisi et al.2007,W(VI),31.38,0.17,,,1,3,False,LMC,1,2007,2024,"1 usual Cepheid, 2 with extrapolation for long periods.",Valencia et al.2024,2007-10-00,2454374.5
MRK116,2010ApJ...711..808F,Fiorentino et al. 2010,W(VI),31.2,0.3,,,3,1,False,TM,1,2010,2026,Wesenheit solution for V6 using models overluminous by 0.25 dex at fixed mass. The two >100-day Cepheids were excluded because pulsation models do not reliably predict such periods at I Zw 18 metallicity.,Quintero-Salazar et al.2026,2010-03-00,2455256.5
MRK116,2010ApJ...711..808F,Fiorentino et al. 2010,W(VI),31.4,0.3,,,3,1,False,TM,1,2010,2026,"Canonical theoretical Wesenheit solution based only on the 8.71-day Cepheid V6. Models use Z=0.0004 and Y=0.24, so metallicity is built into the calibration rather than applied as an empirical correction.",Quintero-Salazar et al.2026,2010-03-00,2455256.5
MRK116,2010ApJ...711..808F,Fiorentino et al. 2010,VI,31.4,0.2,,,3,1,False,TM,1,2010,2026,"Independent nonlinear fit to the V and I light-curve morphology of V6. The quoted error includes internal fit dispersion and observational errors. This is a Cepheid pulsation-model distance, not a conventional multi-Cepheid PL regression.",Quintero-Salazar et al.2026,2010-03-00,2455256.5
MRK116,2010ApJ...713..615M,Marconi et al. 2010,W(VI),31.2,0.4,,,3,1,False,TM,1,2010,2026,"Noncanonical Wesenheit solution for V6, adopting a luminosity 0.25 dex above the canonical mass-luminosity relation. The 125 and 130.3-day Cepheids are not used because models do not reliably reproduce their periods.",Quintero-Salazar et al.2026,2010-04-00,2455287.5
MRK116,2010ApJ...713..615M,Marconi et al. 2010,W(VI),31.4,0.4,,,3,1,False,TM,1,2010,2026,Canonical theoretical Wesenheit distance based only on V6 (P=8.71 d). The calibration is computed directly at Z=0.0004 and Y=0.24; metallicity is therefore built into the models rather than applied as an empirical correction.,Quintero-Salazar et al.2026,2010-04-00,2455287.5
MRK116,2010ApJ...713..615M,Marconi et al. 2010,VI,31.4,0.2,,,3,1,False,TM,1,2010,2026,Nonlinear pulsation-model fit to the V and I light curves of V6. The error includes observational uncertainty and intrinsic dispersion among acceptable models. This is not a conventional multi-Cepheid PL regression.,Quintero-Salazar et al.2026,2010-04-00,2455287.5
NGC0925,2000ApJ...529..745F,Ferrarese et al.2000,W(VI),29.84,0.08,,,1,80,False,LMC,1,2000,2024,They calculate gamma.,Valencia et al.2024,2000-02-00,2451575.5
NGC0925,2001ApJ...548..564W,Willick & Batra 2001,W(VI),29.78,0.05,,,1,79,False,LMC,1,2001,2024,No metallicity correction applied.,Valencia et al.2024,2001-02-00,2451941.5
NGC0925,2001ApJ...549..721M,Macri et al.2001,H,29.84,0.08,,,1,10,True,LMC,1,2001,2024,There are no specific comments on the publication.,Valencia et al.2024,2001-03-00,2451969.5
NGC0925,2001ApJ...553...47F,Freedman et al.2001,W(VI),29.8,0.04,,,1,72,False,LMC,1,2001,2024,There are no specific comments on the publication.,Valencia et al.2024,2001-05-00,2452030.5
NGC0925,2001ApJ...553...47F,Freedman et al.2001,W(VI),29.81,0.04,,,1,72,True,LMC,1,2001,2024,There are no specific comments on the publication.,Valencia et al.2024,2001-05-00,2452030.5
NGC0925,2002A&A...383..398P,Paturel et al. 2002,W(VI),29.83,0.06,,,3,-1,False,GC,1,2002,2026,"Preferred near-solar-metallicity solution, with low Vlim sensitivity (+0.02/-0.08 mag). The reported 238 sosie matches do not establish the number of unique Cepheids.",Quintero-Salazar et al.2026,2002-02-00,2452306.5
NGC0925,2002A&A...389...19P,"Paturel, G. et al.2002",W(VI),29.77,0.07,,,1,238,False,GC,1,2002,2024,Use data from Paturel et al. 2002 but with HIPPARCOS calibration.,Valencia et al.2024,2002-07-00,2452456.5
NGC0925,2003A&A...411..361K,"Kanbur, S. M. et al.2003",W(VI),29.699,0.059,,,1,72,False,LMC,1,2003,2026,Maximum-light LMC PL solution. CTE corrected and used as a consistency check; no metallicity correction.,Quintero-Salazar et al.2026,2003-12-00,2452974.5
NGC0925,2003A&A...411..361K,"Kanbur, S. M. et al.2003",W(VI),29.704,0.06,,,1,72,True,GC,1,2003,2026,FSG03 Galactic solution with a -0.064 mag metallicity correction. Its uncertainty is not included in e_R.,Quintero-Salazar et al.2026,2003-12-00,2452974.5
NGC0925,2003A&A...411..361K,"Kanbur, S. M. et al.2003",W(VI),29.718,0.06,,,1,72,False,LMC,1,2003,2026,Representative mean-light result using the authors' OGLE LMC PL fit. CTE corrected but not metallicity corrected.,Quintero-Salazar et al.2026,2003-12-00,2452974.5
NGC0925,2003A&A...411..361K,"Kanbur, S. M. et al.2003",W(VI),29.728,0.06,,,1,72,True,LMC,1,2003,2026,LMC mean-light solution with a +0.010 mag metallicity correction; the random error is inherited from the uncorrected fit.,Quintero-Salazar et al.2026,2003-12-00,2452974.5
NGC0925,2003A&A...411..361K,"Kanbur, S. M. et al.2003",W(VI),29.768,0.06,,,1,72,False,GC,1,2003,2026,Representative FSG03 Galactic mean-light solution. CTE corrected but not metallicity corrected; random error only.,Quintero-Salazar et al.2026,2003-12-00,2452974.5
NGC0925,2006ApJS..165..108S,Saha et al.2006,W(VI),29.84,0.04,0.08,0.0894427191,2,65,True,GC+LMC,1,2006,2024,They delve into the HST CTE correction.,Valencia et al.2024,2006-07-00,2453917.5
NGC7331,2000ApJ...529..745F,Ferrarese et al.2000,W(VI),30.89,0.1,,,1,4,False,LMC,1,2000,2026,There are no specific comments on the publication.CHECK ARTICLE LATER.,Quintero-Salazar et al.2026,2000-02-00,2451575.5
NGC7331,2001ApJ...548..564W,Willick & Batra 2001,VI,30.79,0.12,,,1,13,False,LMC,1,2001,2026,"Only 13 HST Cepheids with V,I data enter the fit, producing a comparatively large random uncertainty. No metallicity correction or host-specific systematic error is included.",Quintero-Salazar et al.2026,2001-02-00,2451941.5
NGC7331,2001ApJ...553...47F,Freedman et al.2001,W(VI),30.81,0.09,,,1,13,False,LMC,1,2001,2026,Final Wesenheit fit; no period cut was required because all 13 Cepheids were retained. e_R contains random uncertainty only.,Quintero-Salazar et al.2026,2001-05-00,2452030.5
NGC7331,2001ApJ...553...47F,Freedman et al.2001,W(VI),30.84,0.09,,,1,13,True,LMC,1,2001,2026,Table 4 mu_Z; all 13 Cepheids were retained. The metallicity correction uses gamma=-0.2 mag dex^-1 and its uncertainty is not included in e_R.,Quintero-Salazar et al.2026,2001-05-00,2452030.5
NGC7331,2002A&A...383..398P,Paturel et al. 2002,W(VI),30.93,0.12,,,3,-1,False,GC,1,2002,2026,"Not flagged as a preferred near-solar solution. Lowering Vlim by 0.5 mag changes mu by +0.39 mag. Table 6 reports 48 sosie matches, not an unambiguous count of distinct Cepheids.",Quintero-Salazar et al.2026,2002-02-00,2452306.5
NGC7331,2002A&A...389...19P,"Paturel, G. et al.2002",W(VI),30.8,0.11,,,1,48,False,GC,1,2002,2026,"HIPPARCOS-calibrated result. Its limiting-magnitude test gives an asymmetric change of +0.12/0.00 mag, contributing to the larger final uncertainty.",Quintero-Salazar et al.2026,2002-07-00,2452456.5
NGC7331,2003A&A...411..361K,"Kanbur, S. M. et al.2003",W(VI),30.787,0.082,,,1,13,False,LMC,1,2003,2026,Maximum-light LMC PL solution used as a consistency check; it agrees with the mean-light result within 0.004 mag.,Quintero-Salazar et al.2026,2003-12-00,2452974.5
NGC7331,2003A&A...411..361K,"Kanbur, S. M. et al.2003",W(VI),30.791,0.079,,,1,13,False,LMC,1,2003,2026,Representative LMC mean-light solution. CTE corrected but not metallicity corrected; random error only.,Quintero-Salazar et al.2026,2003-12-00,2452974.5
NGC7331,2003A&A...411..361K,"Kanbur, S. M. et al.2003",W(VI),30.818,0.083,,,1,13,True,GC,1,2003,2026,"FSG03 Galactic result with a -0.040 mag metallicity correction, reversing the small uncorrected LMC-GC offset.",Quintero-Salazar et al.2026,2003-12-00,2452974.5
NGC7331,2003A&A...411..361K,"Kanbur, S. M. et al.2003",W(VI),30.825,0.079,,,1,13,True,LMC,1,2003,2026,LMC solution with a +0.034 mag metallicity correction. The systematic uncertainty of gamma is excluded.,Quintero-Salazar et al.2026,2003-12-00,2452974.5
NGC7331,2003A&A...411..361K,"Kanbur, S. M. et al.2003",W(VI),30.858,0.083,,,1,13,False,GC,1,2003,2026,Representative FSG03 Galactic mean-light solution. CTE corrected without metallicity adjustment.,Quintero-Salazar et al.2026,2003-12-00,2452974.5
NGC7331,2006ApJS..165..108S,Saha et al.2006,W(VI),30.89,0.1,0.08,0.1280624847,2,13,True,GC+LMC,1,2006,2026,Final modulus from 13 Cepheids. The uncorrected GC/LMC values are 30.98/30.80 mag; metallicity corrections of -0.09/+0.10 mag yield 30.89/30.90 mag before adoption.,Quintero-Salazar et al.2026,2006-07-00,2453917.5
NGC2366,1995AJ....110.1640T,Tolstoy et al.1995,gri,27.68,0.2,,,1,6,False,LMC,3,1995,2024,Article added before 2000 given absence of any other data for Cepheids.,Valencia et al.2024,1995-10-00,2449991.5
NGC2403,2001ApJ...553...47F,Freedman et al.2001,W(VI),27.48,0.1,,,1,10,False,LMC,1,2001,2024,There are no specific comments on the publication.,Valencia et al.2024,2001-05-00,2452030.5
NGC2403,2001ApJ...553...47F,Freedman et al.2001,W(VI),27.54,0.1,,,1,10,True,LMC,1,2001,2024,Metallicity correction applied but error is the same as without correction.,Valencia et al.2024,2001-05-00,2452030.5
NGC2403,2006ApJS..165..108S,Saha et al.2006,W(VI),27.43,0.15,0.08,0.17,2,9,True,GC+LMC,1,2006,2024,They delve into the HST CTE correction.,Valencia et al.2024,2006-07-00,2453917.5
NGC5584,2011ApJ...730..119R,Riess et al. 2011,W(H VI),31.72,0.07,,,3,-1,True,N4258+LMC+GC,1,2011,2026,"NGC5584 is a newly added SN Ia host. Figure 7 lists 94 measured Cepheids, but the post-rejection count is not reported. Its metallicity gradient is included in the simultaneous Wesenheit fit.",Quintero-Salazar et al.2026,2011-04-00,2455652.5
NGC5584,2013MNRAS.434.2866F,Fiorentino et al.2013,F160W,31.71,0.04,,,1,78,True,LMC,1,2013,2026,"Pure theoretical F160W PL fit for Z=0.02, Y=0.28 and P>10 d. The 78 good Cepheids define the fit; sigma=0.32 mag. The quoted error is only the standard error of the mean.",Quintero-Salazar et al.2026,2013-10-00,2456566.5
NGC5584,2016ApJ...826...56R,Riess et al.2016,VIHK,31.786,0.046,,,1,83,True,N4258,1,2016,2026,NGC 5584 result from Table 5. Approximate SN-independent distance using the metallicity-dependent NIR Wesenheit global solution.,Quintero-Salazar et al.2026,2016-07-00,2457570.5
NGC5584,2021ApJ...911...12J,Javanmardi et al. 2021,W H(VI),31.639,0.038,,,3,82,False,LMC,1,2021,2026,LMC-calibrated alternative without metallicity correction. It is 0.147+/-0.060 mag below the cited SH0ES value and is considered less suitable because of the LMC-NGC 5584 metallicity mismatch.,Quintero-Salazar et al.2026,2021-04-00,2459305.5
NGC5584,2021ApJ...911...12J,Javanmardi et al. 2021,W H(VI),31.81,0.047,,,3,82,False,GC,1,2021,2026,Preferred solution using the Galactic Wesenheit PL calibration. No explicit metallicity correction is applied because the MW and NGC 5584 have similar metallicities.,Quintero-Salazar et al.2026,2021-04-00,2459305.5
NGC5584,2022ApJ...934L...7R,Riess et al. 2022,W H(VI),31.772,0.048,0.019,0.052,2,165,True,N4258+GC+LMC,1,2022,2026,Preferred SN-independent mu_host. The common systematic term is correlated and should not be added independently for different hosts. Error computed/retrieved from Table6.,Quintero-Salazar et al.2026,2022-07-00,2459761.5
NGC5584,2022ApJ...934L...7R,Riess et al. 2022,W H(VI),31.775,0.049,0.019,0.053,2,165,True,N4258+GC+LMC,1,2022,2026,Approximate mu_Ceph obtained after excluding only SN 2007af. The final sample contains 165 globally fitted Cepheids. Error computed/retrieved from Table6.,Quintero-Salazar et al.2026,2022-07-00,2459761.5
NGC2541,2000ApJ...529..745F,Ferrarese et al.2000,W(VI),30.47,0.08,,,1,-1,False,LMC,1,2000,2026,They calculate gamma.,Quintero-Salazar et al.2026,2000-02-00,2451575.5
NGC2541,2001ApJ...548..564W,Willick & Batra 2001,W(VI),30.32,0.08,,,1,34,False,LMC,1,2000,2024,No metallicity correction applied.,Valencia et al.2024,2001-02-00,2451941.5
NGC2541,2001ApJ...553...47F,Freedman et al.2001,W(VI),30.25,0.05,,,1,29,False,LMC,1,2001,2024,There are no specific comments on the publication.,Valencia et al.2024,2001-05-00,2452030.5
NGC2541,2001ApJ...553...47F,Freedman et al.2001,W(VI),30.25,0.05,,,1,29,True,LMC,1,2001,2024,There are no specific comments on the publication.,Valencia et al.2024,2001-05-00,2452030.5
NGC2541,2002A&A...383..398P,Paturel et al. 2002,W(VI),30.47,0.07,,,3,-1,False,GC,1,2002,2026,"Preferred near-solar-metallicity solution. Vlim variations change mu by only +0.03/-0.07 mag. Table 6 reports 88 sosie matches, not an unambiguous unique-Cepheid count.",Quintero-Salazar et al.2026,2002-02-00,2452306.5
NGC2541,2002A&A...389...19P,"Paturel, G. et al.2002",W(VI),30.33,0.06,,,1,88,False,GC,1,2002,2024,"Data from Paturel et al. 2002 used, but calibrated with HIPPARCOS.",Valencia et al.2024,2002-07-00,2452456.5
NGC2541,2003A&A...411..361K,"Kanbur, S. M. et al.2003",W(VI),30.343,0.071,,,1,29,False,LMC,1,2003,2026,Maximum-light LMC PL solution. CTE corrected; it agrees closely with the mean-light LMC result.,Quintero-Salazar et al.2026,2003-12-00,2452974.5
NGC2541,2003A&A...411..361K,"Kanbur, S. M. et al.2003",W(VI),30.348,0.071,,,1,29,False,LMC,1,2003,2026,Representative mean-light OGLE LMC solution. CTE corrected; the field metallicity equals the adopted LMC reference.,Quintero-Salazar et al.2026,2003-12-00,2452974.5
NGC2541,2003A&A...411..361K,"Kanbur, S. M. et al.2003",W(VI),30.348,0.071,,,1,29,True,LMC,1,2003,2026,Metallicity-corrected LMC solution. The correction is exactly 0.000 mag because the adopted abundance equals the LMC reference.,Quintero-Salazar et al.2026,2003-12-00,2452974.5
NGC2541,2003A&A...411..361K,"Kanbur, S. M. et al.2003",W(VI),30.356,0.072,,,1,29,True,GC,1,2003,2026,FSG03 Galactic solution with a -0.074 mag metallicity correction relative to Galactic abundance.,Quintero-Salazar et al.2026,2003-12-00,2452974.5
NGC2541,2003A&A...411..361K,"Kanbur, S. M. et al.2003",W(VI),30.43,0.072,,,1,29,False,GC,1,2003,2026,Representative FSG03 Galactic mean-light solution. CTE corrected but not metallicity corrected.,Quintero-Salazar et al.2026,2003-12-00,2452974.5
NGC2541,2006ApJS..165..108S,Saha et al.2006,W(VI),30.5,0.06,0.08,0.1,2,26,True,GC+LMC,1,2006,2024,They delve into the HST CTE correction.,Valencia et al.2024,2006-07-00,2453917.5
NGC3198,2000ApJ...529..745F,Ferrarese et al.2000,W(VI),30.8,0.06,,,1,58,False,LMC,1,2000,2024,They calculate gamma.,Valencia et al.2024,2000-02-00,2451575.5
NGC3198,2001ApJ...548..564W,Willick & Batra 2001,W(VI),30.71,0.06,,,1,52,False,LMC,1,2001,2024,They do not apply metallicity correction.,Valencia et al.2024,2001-02-00,2451941.5
NGC3198,2001ApJ...549..721M,Macri et al.2001,H,30.25,0.12,,,1,3,True,LMC,1,2001,2026,There are no specific comments on the publication.,Quintero-Salazar et al.2026,2001-03-00,2451969.5
NGC3198,2001ApJ...553...47F,Freedman et al.2001,W(VI),30.68,0.08,,,1,36,False,LMC,1,2001,2024,There are no specific comments on the publication.,Valencia et al.2024,2001-05-00,2452030.5
NGC3198,2001ApJ...553...47F,Freedman et al.2001,W(VI),30.7,0.08,,,1,36,True,LMC,1,2001,2024,There are no specific comments on the publication.,Valencia et al.2024,2001-05-00,2452030.5
NGC3198,2002A&A...383..398P,Paturel et al. 2002,W(VI),31.23,0.07,,,3,-1,False,GC,1,2002,2026,"Not a preferred near-solar solution. Lowering Vlim by 0.5 mag shifts mu by +0.70 mag, revealing severe incompleteness sensitivity. The 187 listed sosie matches are not a unique-star count.",Quintero-Salazar et al.2026,2002-02-00,2452306.5
NGC3198,2002A&A...389...19P,"Paturel, G. et al.2002",W(VI),30.86,0.1,,,1,187,False,GC,1,2002,2024,They use data from Paturel et al. 2002 but with HIPPARCOS calibration.,Valencia et al.2024,2002-07-00,2452456.5
NGC3198,2003A&A...411..361K,"Kanbur, S. M. et al.2003",W(VI),30.712,0.062,,,1,36,False,LMC,1,2003,2026,Maximum-light LMC PL solution used as a consistency check. CTE corrected; no metallicity correction.,Quintero-Salazar et al.2026,2003-12-00,2452974.5
NGC3198,2003A&A...411..361K,"Kanbur, S. M. et al.2003",W(VI),30.721,0.06,,,1,36,False,LMC,1,2003,2026,Representative mean-light result using the authors' OGLE LMC PL fit. CTE corrected but not metallicity corrected.,Quintero-Salazar et al.2026,2003-12-00,2452974.5
NGC3198,2003A&A...411..361K,"Kanbur, S. M. et al.2003",W(VI),30.741,0.06,,,1,36,True,LMC,1,2003,2026,LMC mean-light solution with a +0.020 mag metallicity correction; e_R remains the random PL-fit error.,Quintero-Salazar et al.2026,2003-12-00,2452974.5
NGC3198,2003A&A...411..361K,"Kanbur, S. M. et al.2003",W(VI),30.751,0.06,,,1,36,True,GC,1,2003,2026,FSG03 Galactic solution with a -0.054 mag metallicity correction. Metallicity uncertainty is systematic.,Quintero-Salazar et al.2026,2003-12-00,2452974.5
NGC3198,2003A&A...411..361K,"Kanbur, S. M. et al.2003",W(VI),30.805,0.06,,,1,36,False,GC,1,2003,2026,Representative FSG03 Galactic mean-light solution. CTE corrected but not metallicity corrected.,Quintero-Salazar et al.2026,2003-12-00,2452974.5
NGC3198,2006ApJS..165..108S,Saha et al.2006,W(VI),30.8,0.08,0.08,0.113137085,2,51,True,GC+LMC,1,2006,2024,They delve into the HST CTE correction.,Valencia et al.2024,2006-07-00,2453917.5
NGC3319,2000ApJ...529..745F,Ferrarese et al.2000b,W(VI),30.78,0.1,,,1,28,False,LMC,1,2000,2024,They calculate gamma.,Valencia et al.2024,2000-02-00,2451575.5
NGC3319,2001ApJ...548..564W,Willick & Batra 2001,W(VI),30.7,0.08,,,1,28,False,LMC,1,2001,2024,They do not apply error for metallicity.,Valencia et al.2024,2001-02-00,2451941.5
NGC3319,2001ApJ...553...47F,Freedman et al.2001,W(VI),30.62,0.09,,,1,33,True,LMC,1,2001,2024,There are no specific comments on the publication.,Valencia et al.2024,2001-05-00,2452030.5
NGC3319,2001ApJ...553...47F,Freedman et al.2001,W(VI),30.64,0.09,,,1,33,False,LMC,1,2001,2024,There are no specific comments on the publication.,Valencia et al.2024,2001-05-00,2452030.5
NGC3319,2002A&A...383..398P,Paturel et al. 2002,W(VI),30.91,0.06,,,3,-1,False,GC,1,2002,2026,"Not a preferred near-solar solution. Lowering Vlim by 0.5 mag shifts mu by +0.89 mag, the strongest sensitivity in this subset. The 88 sosie matches are not a verified unique-Cepheid count.",Quintero-Salazar et al.2026,2002-02-00,2452306.5
NGC3319,2002A&A...389...19P,"Paturel, G. et al.2002",W(VI),30.7,0.08,,,1,88,False,GC,1,2002,2024,Using data from Paturel et al. 2002 but with HIPPARCOS calibration.,Valencia et al.2024,2002-07-00,2452456.5
NGC3319,2003A&A...411..361K,"Kanbur, S. M. et al.2003",W(VI),30.462,0.094,,,1,33,True,GC,1,2003,2026,FSG03 Galactic solution with a -0.098 mag metallicity correction relative to the Galactic reference.,Quintero-Salazar et al.2026,2003-12-00,2452974.5
NGC3319,2003A&A...411..361K,"Kanbur, S. M. et al.2003",W(VI),30.477,0.092,,,1,33,True,LMC,1,2003,2026,LMC mean-light solution with a -0.024 mag metallicity correction. The additive correction leaves e_R unchanged.,Quintero-Salazar et al.2026,2003-12-00,2452974.5
NGC3319,2003A&A...411..361K,"Kanbur, S. M. et al.2003",W(VI),30.479,0.092,,,1,33,False,LMC,1,2003,2026,Maximum-light LMC PL consistency solution. CTE corrected and not metallicity corrected.,Quintero-Salazar et al.2026,2003-12-00,2452974.5
NGC3319,2003A&A...411..361K,"Kanbur, S. M. et al.2003",W(VI),30.501,0.092,,,1,33,False,LMC,1,2003,2026,Representative mean-light OGLE LMC solution. CTE corrected but not metallicity corrected; random error only.,Quintero-Salazar et al.2026,2003-12-00,2452974.5
NGC3319,2003A&A...411..361K,"Kanbur, S. M. et al.2003",W(VI),30.56,0.094,,,1,33,False,GC,1,2003,2026,Representative FSG03 Galactic mean-light solution. CTE corrected without metallicity adjustment.,Quintero-Salazar et al.2026,2003-12-00,2452974.5
NGC3319,2006ApJS..165..108S,Saha et al.2006,W(VI),30.74,0.08,0.08,0.113137085,2,26,True,GC+LMC,1,2006,2024,They delve into the HST CTE correction.,Valencia et al.2024,2006-07-00,2453917.5
NGC4258,2001ApJ...548..564W,Willick & Batra 2001,W(VI),29.49,0.12,,,1,15,False,LMC,1,2001,2024,No metallicity correction applied.,Valencia et al.2024,2001-02-00,2451941.5
NGC4258,2001ApJ...553...47F,Freedman et al.2001,W(VI),29.44,0.07,,,1,15,False,LMC,1,2001,2024,There are no specific comments on the publication.,Valencia et al.2024,2001-05-00,2452030.5
NGC4258,2001ApJ...553...47F,Freedman et al.2001,W(VI),29.51,0.07,,,1,15,True,LMC,1,2001,2024,Metallicity correction applied with same uncertainty as without correction. The systematic analysis only appears when estimating H0.,Valencia et al.2024,2001-05-00,2452030.5
NGC4258,2001ApJ...553..562N,Newman et al.2001,W(VI),29.38,0.07,,,1,15,False,LMC,1,2001,2024,DoPPHOT(chip3).,Valencia et al.2024,2001-06-00,2452061.5
NGC4258,2001ApJ...553..562N,Newman et al.2001,W(VI),29.4,0.06,,,1,15,False,LMC,1,2001,2024,DoPPHOT(all).,Valencia et al.2024,2001-06-00,2452061.5
NGC4258,2001ApJ...553..562N,Newman et al.2001,W(VI),29.4,0.1,,,1,15,False,LMC,1,2001,2024,ALLFRAME (chip2).,Valencia et al.2024,2001-06-00,2452061.5
NGC4258,2001ApJ...553..562N,Newman et al.2001,W(VI),29.4,0.1,,,1,15,False,LMC,1,2001,2024,ALLFRAME corrected (chip2).,Valencia et al.2024,2001-06-00,2452061.5
NGC4258,2001ApJ...553..562N,Newman et al.2001,W(VI),29.43,0.1,,,1,15,False,LMC,1,2001,2024,DoPPHOT(chip2).,Valencia et al.2024,2001-06-00,2452061.5
NGC4258,2001ApJ...553..562N,Newman et al.2001,W(VI),29.44,0.06,,,1,15,False,LMC,1,2001,2024,ALLFRAME corrected (all).,Valencia et al.2024,2001-06-00,2452061.5
NGC4258,2001ApJ...553..562N,Newman et al.2001,W(VI),29.48,0.09,,,1,15,False,LMC,1,2001,2024,ALLFRAME corrected (chip3).,Valencia et al.2024,2001-06-00,2452061.5
NGC4258,2001ApJ...553..562N,Newman et al.2001,W(VI),29.53,0.07,,,1,15,False,LMC,1,2001,2024,ALLFRAME (all).,Valencia et al.2024,2001-06-00,2452061.5
NGC4258,2001ApJ...553..562N,Newman et al.2001,W(VI),29.65,0.09,,,1,15,False,LMC,1,2001,2024,ALLFRAME (chip3).,Valencia et al.2024,2001-06-00,2452061.5
NGC4258,2002A&A...383..398P,Paturel et al. 2002,W(VI),29.53,0.1,,,3,-1,False,GC,1,2002,2026,"Preferred near-solar-metallicity solution calibrated from Galactic Cepheids, not from the NGC4258 maser distance. Table 6 lists 65 sosie matches, not a distinct-Cepheid count.",Quintero-Salazar et al.2026,2002-02-00,2452306.5
NGC4258,2002ApJ...566..833C,Caputo et al. 2002,W(VI),29.32,0.14,0.09643650761,0.17,3,15,True,LMC,1,2002,2026,"Theoretical pulsation-model correction interpolated between Z=0.008 and 0.02. For mu_LMC=18.50+/-0.10, equation (5) gives D=7.3+/-0.6 Mpc, close to the maser distance.",Quintero-Salazar et al.2026,2002-02-00,2452306.5
NGC4258,2002ApJ...566..833C,Caputo et al. 2002,W(VI),29.42,0.09,0.08,0.1204159458,3,15,False,LMC,1,2002,2026,Empirical LMC No corrected & Wesenheit-PL.Using this empirical WPL relation for the HST magnitudes of NGC 4258 Cepheids listed in N2001 and adopting zero-point LMC =18.50 mag,Quintero-Salazar et al.2026,2002-02-00,2452306.5
NGC4258,2002ApJ...566..833C,Caputo et al. 2002,W(VI),29.47,0.09,,,3,15,True,LMC,1,2002,2026,Theoretical LMC No corrected & Wesenheit-PL.Adopting zero-point LMC =18.50 mag,Quintero-Salazar et al.2026,2002-02-00,2452306.5
NGC4258,2002ApJ...566..833C,Caputo et al. 2002,W(VI),29.49,0.14,0.09643650761,0.17,3,15,True,LMC,1,2002,2026,"Empirical metallicity correction. For mu_LMC=18.50+/-0.10, equation (4) gives D=7.9+/-0.6 Mpc. e_R is the relative-modulus error; e_T includes the LMC zero-point uncertainty.",Quintero-Salazar et al.2026,2002-02-00,2452306.5
NGC4258,2002ApJ...566..833C,Caputo et al. 2002,W(VI),29.51,0.14,,,3,15,False,GC,1,2002,2026,Empirical GC No corrected & Wesenheit-PL. I Guess...,Quintero-Salazar et al.2026,2002-02-00,2452306.5
NGC4258,2002ApJ...566..833C,Caputo et al. 2002,W(VI),29.64,0.09,0.1,0.1345362405,3,15,False,LMC,1,2002,2026,Theoretical LMC No corrected & Wesenheit-PL.,Quintero-Salazar et al.2026,2002-02-00,2452306.5
NGC4258,2002A&A...389...19P,"Paturel, G. et al.2002",W(VI),29.45,0.07,,,1,65,False,GC,1,2002,2024,Use data from Paturel et al. 2002 but with HIPPARCOS calibration.,Valencia et al.2024,2002-07-00,2452456.5
NGC4258,2003ApJ...586..959N,Ngeow et al. 2003,W(VI),29.31,0.06,,,3,15,False,LMC,1,2003,2026,Final value after a -0.07 mag WFPC2 long-versus-short CTE calibration correction. The 0.06 mag random error is retained; systematic and total uncertainties are not quantified.,Quintero-Salazar et al.2026,2003-04-00,2452730.5
NGC4258,2003ApJ...586..959N,Ngeow et al. 2003,W(VI),29.38,0.06,,,3,15,False,LMC,1,2003,2026,Direct Fourier-reconstruction result using 15 published HST Cepheids and H0KP PL/extinction prescriptions. Random error only; no metallicity or total-error solution is provided.,Quintero-Salazar et al.2026,2003-04-00,2452730.5
NGC4258,2003A&A...411..361K,"Kanbur, S. M. et al.2003",W(VI),29.352,0.057,,,1,15,False,LMC,1,2003,2026,Maximum-light LMC PL solution used as a consistency check. No CTE or metallicity correction was required.,Quintero-Salazar et al.2026,2003-12-00,2452974.5
NGC4258,2003A&A...411..361K,"Kanbur, S. M. et al.2003",W(VI),29.37,0.056,,,1,15,False,LMC,1,2003,2026,Representative mean-light OGLE LMC solution. No CTE correction was needed because the photometry used the Stetson calibration.,Quintero-Salazar et al.2026,2003-12-00,2452974.5
NGC4258,2003A&A...411..361K,"Kanbur, S. M. et al.2003",W(VI),29.397,0.058,,,1,15,True,GC,1,2003,2026,FSG03 Galactic solution with a negligible -0.004 mag metallicity correction.,Quintero-Salazar et al.2026,2003-12-00,2452974.5
NGC4258,2003A&A...411..361K,"Kanbur, S. M. et al.2003",W(VI),29.401,0.058,,,1,15,False,GC,1,2003,2026,Representative FSG03 Galactic mean-light solution. No CTE or metallicity correction was applied.,Quintero-Salazar et al.2026,2003-12-00,2452974.5
NGC4258,2003A&A...411..361K,"Kanbur, S. M. et al.2003",W(VI),29.44,0.056,,,1,15,True,LMC,1,2003,2026,LMC mean-light result with a +0.070 mag metallicity correction. This is the value highlighted in the abstract.,Quintero-Salazar et al.2026,2003-12-00,2452974.5
NGC4258,2004MNRAS.349.1130N,Ngow & Kanbur 2004,W(VI),29.49,0.06,,,1,15,False,GC,1,2004,2024,There are no specific comments on the publication.,Valencia et al.2024,2004-04-00,2453096.5
NGC4258,2006ApJS..165..108S,Saha et al.2006,W(VI),29.63,0.05,0.08,0.09433981132,2,14,True,GC+LMC,1,2006,2024,"Data from Macri et al. 2006, apply metallicity correction but it is not clear how they do it.",Valencia et al.2024,2006-07-00,2453917.5
NGC4258,2006ApJ...652.1133M,Macri et al.2006,W(VI),29.1,0.04,,,5,85,False,LMC,1,2006,2024,Internal field but using the methodology of Freedman et al. 2001.,Valencia et al.2024,2006-12-00,2454070.5
NGC4258,2006ApJ...652.1133M,Macri et al.2006,W(VI),29.12,0.04,,,5,69,False,LMC,1,2006,2024,Internal field.,Valencia et al.2024,2006-12-00,2454070.5
NGC4258,2006ApJ...652.1133M,Macri et al.2006,W(VI),29.27,0.04,,,5,38,False,LMC,1,2006,2024,External field but using the methodology of Freedman et al. 2001.,Valencia et al.2024,2006-12-00,2454070.5
NGC4258,2006ApJ...652.1133M,Macri et al.2006,W(VI),29.28,0.05,,,5,20,False,LMC,1,2006,2024,"mu_0 relative to NGC4258, external field, sigma_ran is relative to NGC4258 and they calculate gamma.",Valencia et al.2024,2006-12-00,2454070.5
NGC4258,2007AJ....133.1810B,Benedict et al.2007,W(VI),29.28,0.08,,,1,85,True,LMC,1,2007,2024,There are no specific comments on the publication.,Valencia et al.2024,2007-04-00,2454191.5
NGC4258,2007MNRAS.379..723V,van Leeuwen et al.2007,W(VI),29.22,0.03,,,1,69,True,GC,1,2007,2024,There are no specific comments on the publication.,Valencia et al.2024,2007-08-00,2454313.5
NGC4258,2007ApJ...671.1640A,Aloisi et al.2007,W(VI),29.28,0.1,0.16,0.1886796226,2,-1,True,LMC,1,2007,2024,[O/H]=8.93 use data from Macri et al. 2006 and apply metallicity correction based on theoretical models.,Valencia et al.2024,2007-12-00,2454435.5
NGC4258,2008ApJ...684..102B,Bono et al.2008,W(VI),29.12,0.23,,,3,-1,True,TM,1,2008,2024,"[O/H]=8.53, use data from Macri et al. 2006 and apply metallicity correction based on theoretical models.",Valencia et al.2024,2008-09-00,2454710.5
NGC4258,2008ApJ...684..102B,Bono et al.2008,W(VI),29.35,0.12,,,3,-1,True,TM,1,2008,2024,"Use angular diameter of galactic Cepheids, data from Macri et al. 2026.",Valencia et al.2024,2008-09-00,2454710.5
NGC4258,2008MNRAS.390.1762D,Di Benedetto 2008,W(VI),29.28,0.03,0.03,0.04242640687,2,-1,False,GC,1,2008,2024,Detailed article from 2008MNRAS.390.1762D but the errors are different from the previous one.,Valencia et al.2024,2008-11-00,2454771.5
NGC4258,2010ApJ...715..277B,Bono et al. 2010,W(BV),29.15,0.21,,,1,-1,True,GC,1,2010,2026,"As in NED: GClstr LGG 290 BCG 1 of 1, BV(W), inner",Quintero-Salazar et al.2026,2010-05-00,2455317.5
NGC4258,2010ApJ...715..277B,Bono et al. 2010,W(VI),29.18,0.21,,,1,-1,True,GC,1,2010,2026,"As in NED: GClstr LGG 290 BCG 1 of 1, VI(W), inner",Quintero-Salazar et al.2026,2010-05-00,2455317.5
NGC4258,2010ApJ...715..277B,Bono et al. 2010,W(VI),29.4,0.13,,,1,-1,True,GC,1,2010,2026,"As in NED: GClstr LGG 290 BCG 1 of 1, VI(W), outer",Quintero-Salazar et al.2026,2010-05-00,2455317.5
NGC4258,2010ApJ...715..277B,Bono et al. 2010,W(VI),29.49,0.21,,,1,-1,True,GC,1,2010,2026,"As in NED: GClstr LGG 290 BCG 1 of 1, BV(W), outer",Quintero-Salazar et al.2026,2010-05-00,2455317.5
NGC4258,2013MNRAS.430..546D,Di Benedetto 2013,W(VI),29.28,0.05,,,3,31,True,LMC,1,2013,2024,"Use parallax, data from Riess et al. 2011, H0 review article.",Valencia et al.2024,2013-03-00,2456352.5
NGC4258,2013MNRAS.434.2866F,Fiorentino et al.2013,F160W,29.345,0.004,,,1,117,True,LMC,1,2013,2026,"Pure theoretical F160W PL fit for Z=0.02, Y=0.28 and P>10 d. The fit uses 117 good Cepheids; sigma=0.34 mag. The quoted SEM uses Ntot=167. The maser distance is only an external comparison.",Quintero-Salazar et al.2026,2013-10-00,2456566.5
NGC4258,2014MNRAS.440.1138E,Efstathiou 2014,W(VI),29.24,0.08,,,1,120,True,GC,3,2014,2024,There are no specific comments on the publication.,Valencia et al.2024,2014-05-00,2456778.5
NGC4258,2015AJ....149..183H,Hatt et al.2015,gri,29.18,0.23,,,3,94,False,LMC,2,2015,2024,There are no specific comments on the publication.,Valencia et al.2024,2015-06-00,2457174.5
NGC4258,2015MNRAS.450.3597F,Fausnaugh et al.2015,BVIH,29.4,0.08,,,3,81,True,LMC,2,2015,2024,"Flow calibration from HST/WFC3 of the SH0ES project, they use metallicity gradient for metallicity correction.",Valencia et al.2024,2015-07-00,2457204.5
NGC4395,2004AJ....127.2322T,Tammann et al.2004,W(ri),28.02,0.18,,,1,11,False,LMC,3,2004,2024,They use synthetic transformations to apply LMC RPL to the gri bands.,Valencia et al.2024,2004-04-00,2453096.5
NGC6822,2000ApJ...529..745F,Ferrarese et al.2000,BVRI,23.49,0.09,,,1,8,False,LMC,1,2000,2024,They calculate gamma.,Valencia et al.2024,2000-02-00,2451575.5
NGC6822,2001ApJ...548..564W,Willick & Batra 2001,W(VI),23.27,0.18,,,1,6,False,LMC,1,2001,2024,They do not apply a metallicity correction.,Valencia et al.2024,2001-02-00,2451941.5
NGC6822,2002A&A...383..398P,Paturel et al. 2002,W(VI),23.38,0.52,,,3,-1,False,GC,2,2002,2026,Ground-based solution based on only four sosie matches and not flagged as secure. Its 0.52 mag internal error is exceptionally large. The number of distinct Cepheids used is not stated unambiguously.,Quintero-Salazar et al.2026,2002-02-00,2452306.5
NGC6822,2002A&A...389...19P,"Paturel, G. et al.2002",W(VI),23.22,0.52,,,1,4,False,GC,1,2002,2024,They use data from Paturel et al. 2002 but with HIPPARCOS calibration.,Valencia et al.2024,2002-07-00,2452456.5
NGC6822,2004ApJ...608...42S,Sakai et al.2004,W(VI),23.3,0.07,,,1,-1,False,LMC,1,2004,2024,There are no specific comments on the publication.,Valencia et al.2024,2004-06-00,2453157.5
NGC6822,2004ApJ...608...42S,Sakai et al.2004,BVRI,23.39,0.08,,,1,-1,False,LMC,1,2004,2024,There are no specific comments on the publication.,Valencia et al.2024,2004-06-00,2453157.5
NGC6822,2004AJ....128.2815P,Pietrzynski et al.2004,W(VI),23.34,0.04,0.05,0.06403124237,2,116,False,LMC,2,2004,2024,sigma_sys does not consider the LMC error and they mention that they do not apply a metallicity correction because it is negligible.,Valencia et al.2024,2004-12-00,2453340.5
NGC6822,2006ApJS..165..108S,Saha et al.2006,W(VI),23.31,0.03,0.08,0.08544003745,2,21,True,GC+LMC,1,2006,2024,They delve into the HST CTE correction.,Valencia et al.2024,2006-07-00,2453917.5
NGC6822,2006ApJ...647.1056G,Gieren et al.2006,JK,23.31,0.02,0.06,0.0632455532,2,56,True,LMC,2,2006,2024,mu_LMC = 18.5 but they do not mention its error.,Valencia et al.2024,2006-08-00,2453948.5
NGC6822,2009ApJ...693..936M,Madore et al.2009b,"BVRIJHK3.6,4.5,5.8,8.0",23.49,0.03,,,1,16,True,LMC,1,2009,2024,Adjustment of mu based on the extinction law curve.,Valencia et al.2024,2009-03-00,2454891.5
NGC6822,2010ApJ...715..277B,Bono et al. 2010,JK(W),23.34,0.18,,,1,20,True,LMC,1,2010,2026,No comments by now.,Quintero-Salazar et al.2026,2010-05-00,2455317.5
NGC6822,2010ApJ...715..277B,Bono et al. 2010,VI(W),23.38,0.22,,,1,20,True,LMC,1,2010,2026,No comments by now.,Quintero-Salazar et al.2026,2010-05-00,2455317.5
NGC6822,2012MNRAS.421.2998F,Feast et al.2012,W(VI),23.34,,,0.04,4,32,False,LMC,3,2012,2024,"They mention that the error already contains the LMC error, but the error used is not clearly stated.",Valencia et al.2024,2012-04-00,2456018.5
NGC6822,2012MNRAS.421.2998F,Feast et al.2012,3.6micras,23.36,,,0.06,4,14,True,LMC,3,2012,2024,There are no specific comments on the publication.,Valencia et al.2024,2012-04-00,2456018.5
NGC6822,2012MNRAS.421.2998F,Feast et al.2012,5.8micras,23.37,,,0.14,4,6,True,LMC,3,2012,2024,There are no specific comments on the publication.,Valencia et al.2024,2012-04-00,2456018.5
NGC6822,2012MNRAS.421.2998F,Feast et al.2012,4.5micras,23.4,,,0.08,4,12,True,LMC,3,2012,2024,There are no specific comments on the publication.,Valencia et al.2024,2012-04-00,2456018.5
NGC6822,2012MNRAS.421.2998F,Feast et al.2012,8micras,23.4,,,0.14,4,2,True,LMC,3,2012,2024,There are no specific comments on the publication.,Valencia et al.2024,2012-04-00,2456018.5
NGC6822,2012MNRAS.421.2998F,Feast et al.2012,JKs,23.42,,,0.03,4,32,True,LMC,3,2012,2024,"They mention that the error already contains the LMC error, but the error used is not clearly stated.",Valencia et al.2024,2012-04-00,2456018.5
NGC6822,2012MNRAS.421.2998F,Feast et al.2012,VIJHK,23.43,0.02,,,1,32,True,LMC,3,2012,2024,They mention that it is an internal value.,Valencia et al.2024,2012-04-00,2456018.5
NGC6822,2014ApJ...794..107R,Rich et al.2014,"BVRIJHK3.6,4.5micras",23.38,0.02,0.04,0.04472135955,2,34,True,LMC,1,2014,2024,"They adjust the extinction law for each Cepheid with multiband and obtain the median of the distribution, adopting mu_LMC =18.44+/-0.03.",Valencia et al.2024,2014-10-00,2456931.5
NGC6822,2014A&A...572A..64M,Majewski et al.2014,W(VI),23.23,0.04,0.13,0.1360147051,2,-1,False,LMC,1,2014,2024,"They mention possible photometric contamination in Spitzzer 2009ApJ...639..936M, internal region, and study the effect of metallicity.",Valencia et al.2024,2014-12-00,2456992.5
NGC6822,2014A&A...572A..64M,Majewski et al.2014,3.6micras,23.27,0.07,0.15,0.1655294536,2,-1,True,LMC,1,2014,2024,Internal region.,Valencia et al.2024,2014-12-00,2456992.5
NGC6822,2014A&A...572A..64M,Majewski et al.2014,W(VI),23.3,0.03,0.17,0.172626765,2,-1,False,LMC,1,2014,2024,External region.,Valencia et al.2024,2014-12-00,2456992.5
NGC6822,2014A&A...572A..64M,Majewski et al.2014,3.6micras,23.32,0.05,0.16,0.1676305461,2,-1,True,LMC,1,2014,2024,External region.,Valencia et al.2024,2014-12-00,2456992.5
NGC6822,2016AJ....151...88B,Bhardwaj et al.2016,JHK,23.39,0.08,,,1,20,True,GC,2,2016,2024,They calculate gamma.,Valencia et al.2024,2016-04-00,2457479.5
NGC6822,2016AJ....151...88B,Bhardwaj et al.2016,JHK,23.41,0.06,,,1,20,True,LMC,2,2016,2024,They calculate gamma.,Valencia et al.2024,2016-04-00,2457479.5
NGC6822,2016AJ....151...88B,Bhardwaj et al.2016,JHK,23.43,0.06,,,1,20,True,LMC+GC,2,2016,2024,They calculate gamma.,Valencia et al.2024,2016-04-00,2457479.5
M96,2000ApJ...529..723G,Gibson et al. 2000,W(VI),30.2,0.1,0.16,0.1886796226,2,7,False,LMC,1,2000,2026,Final ALLFRAME+TRIAL solution from 7 of 11 Cepheids with P>20 d; shorter-period stars were excluded for incompleteness. Hill et al. calibration and R_V=3.3 were adopted. No metallicity correction enters this modulus.,Quintero-Salazar et al.2026,2000-02-00,2451575.5
M96,2000ApJ...529..723G,Gibson et al. 2000,W(VI),30.36,0.09,0.16,0.1835755975,2,7,False,LMC,1,2000,2026,Alternative solution obtained by applying the standard Key Project PL fit to the original Tanvir et al. photometry. It uses seven long-period Cepheids and is not the paper's preferred ALLFRAME distance.,Quintero-Salazar et al.2026,2000-02-00,2451575.5
M96,2000ApJ...529..745F,Ferrarese et al.2000,W(VI),30.2,0.1,,,1,-1,False,LMC,1,2000,2026,They calculate gamma.,Quintero-Salazar et al.2026,2000-02-00,2451575.5
M96,2001ApJ...547L.103G,Gibson & Stetson 2001,W(VI),29.956,0.098,,,3,7,False,LMC,1,2001,2026,"Uncorrected re-fit of seven previously selected Cepheids using the Stetson WFPC2 zero point, Udalski OGLE-LMC PL relations and mu_LMC=18.45. The error is the internal R_PL term; no galaxy-specific systematic error is tabulated.",Quintero-Salazar et al.2026,2001-02-00,2451941.5
M96,2001ApJ...547L.103G,Gibson & Stetson 2001,W(VI),30.096,0.098,,,3,7,True,LMC,1,2001,2026,"Metallicity-corrected counterpart of the same seven-star fit, using gamma_VI=-0.2 mag dex^-1 and the adopted field abundance. The correction raises the modulus by 0.140 mag; e_R remains the internal R_PL term.",Quintero-Salazar et al.2026,2001-02-00,2451941.5
M96,2001ApJ...548..564W,Willick & Batra 2001,VI,29.94,0.13,,,3,11,False,LMC,1,2001,2026,"HST V,I data originally from Tanvir et al. and reanalyzed by the Key Project. The quoted error is random only. A common LMC zero-point uncertainty of about 0.2 mag is discussed but not included.",Quintero-Salazar et al.2026,2001-02-00,2451941.5
M96,2001ApJ...553...47F,Freedman et al.2001,W(VI),29.97,0.06,,,1,9,False,LMC,1,2001,2026,Final period-cut Wesenheit fit before abundance correction. e_R is the random PL-fit error only; N_cef is the post-cut sample.,Quintero-Salazar et al.2026,2001-05-00,2452030.5
M96,2001ApJ...553...47F,Freedman et al.2001,W(VI),30.11,0.06,,,1,9,True,LMC,1,2001,2026,"Table 4 mu_Z, using gamma=-0.2 mag dex^-1 relative to the LMC. Metallicity uncertainty is systematic and excluded from e_R.",Quintero-Salazar et al.2026,2001-05-00,2452030.5
M96,2002A&A...383..398P,Paturel et al. 2002,W(VI),30.17,0.1,,,3,-1,False,GC,1,2002,2026,Preferred near-solar-metallicity solution with modest Vlim sensitivity (+0.09/-0.05 mag). Table 6 reports 74 sosie matches rather than a verified number of unique Cepheids.,Quintero-Salazar et al.2026,2002-02-00,2452306.5
M96,2002A&A...389...19P,"Paturel, G. et al.2002",W(VI),30.05,0.06,,,1,74,False,GC,1,2002,2026,"Present-paper HIPPARCOS-calibrated PL solution. The quoted uncertainty is internal. Incompleteness, extinction, zero-point and PL-slope effects are discussed separately.",Quintero-Salazar et al.2026,2002-07-00,2452456.5
M96,2006ApJS..165..108S,Saha et al.2006,W(VI),30.34,0.11,0.08,0.1360147051,2,7,True,GC+LMC,1,2006,2026,Final period-dependent metallicity-corrected modulus. The uncorrected GC/LMC routes give 30.25/30.02 mag. Strong residual period dependence suggests that the formal error may understate the True uncertainty.,Quintero-Salazar et al.2026,2006-07-00,2453917.5
NGC3370,2005ApJ...627..579R,Riess et al. 2005,W(VI),32.22,0.05,,,3,64,False,LMC,1,2005,2026,Preferred OGLE+10 Wesenheit solution before the +0.07 mag metallicity correction. It uses 64 visually selected high-quality ACS Cepheids; the 0.05 mag error also spans analysis choices.,Quintero-Salazar et al.2026,2005-07-00,2453552.5
NGC3370,2005ApJ...627..579R,Riess et al. 2005,W(VI),32.29,0.06,,,3,64,True,LMC,1,2005,2026,Adopted distance after a +0.07+/-0.03 mag metallicity correction. Table 13 gives a statistical error from the dereddened PL fit and O/H measurement; no per-galaxy systematic or total error is tabulated.,Quintero-Salazar et al.2026,2005-07-00,2453552.5
NGC3370,2006ApJ...642L..29N,Ngeow & Kanbur 2006,W(VI),32.149,0.033,,,3,64,True,LMC,1,2006,2026,"STR04 nonlinear, long-period LMC PL solution. The quoted uncertainty is random only, and no individual systematic or total modulus error is reported.",Quintero-Salazar et al.2026,2006-05-00,2453856.5
NGC3370,2006ApJ...642L..29N,Ngeow & Kanbur 2006,W(VI),32.171,0.034,,,3,64,True,LMC,1,2006,2026,STR04 linear LMC PL solution with metallicity correction. Random error only is attached to the modulus; systematic sources are discussed in the H0 error budget.,Quintero-Salazar et al.2026,2006-05-00,2453856.5
NGC3370,2006ApJ...642L..29N,Ngeow & Kanbur 2006,W(VI),32.18,0.034,,,3,64,True,LMC,1,2006,2026,"KN04 nonlinear, long-period LMC PL solution. Metallicity is corrected and the tabulated uncertainty is random only; no module-specific e_S or e_T is given.",Quintero-Salazar et al.2026,2006-05-00,2453856.5
NGC3370,2006ApJ...642L..29N,Ngeow & Kanbur 2006,W(VI),32.189,0.033,,,3,64,True,LMC,1,2006,2026,"KN04 linear LMC PL solution with metallicity correction. A roughly 0.03 mag form-of-PL systematic is discussed, but Table 1 assigns only a random error to the modulus.",Quintero-Salazar et al.2026,2006-05-00,2453856.5
NGC3370,2006ApJ...642L..29N,Ngeow & Kanbur 2006,W(VI),32.193,0.033,,,3,64,True,LMC,1,2006,2026,"TR02 linear LMC PL solution. The tabulated error is random only. Linear fits carry an additional approximately 0.03 mag form-of-PL systematic, but no module-specific e_S or e_T is quoted.",Quintero-Salazar et al.2026,2006-05-00,2453856.5
NGC3370,2006ApJ...642L..29N,Ngeow & Kanbur 2006,W(VI),32.195,0.034,,,3,64,True,LMC,1,2006,2026,"KN06 linear LMC PL solution, used in the authors' preferred linear calibration of H0. Metallicity is corrected; the modulus uncertainty is random only.",Quintero-Salazar et al.2026,2006-05-00,2453856.5
NGC3370,2006ApJ...642L..29N,Ngeow & Kanbur 2006,W(VI),32.213,0.034,,,3,64,True,LMC,1,2006,2026,"KN06 nonlinear, long-period LMC PL solution, preferred for the final nonlinear H0 result. The quoted modulus error is random only.",Quintero-Salazar et al.2026,2006-05-00,2453856.5
NGC3370,2006ApJ...642L..29N,Ngeow & Kanbur 2006,W(VI),32.222,0.034,,,3,64,True,LMC,1,2006,2026,"TR02 nonlinear, long-period LMC PL solution. The metallicity-corrected modulus has random error only; the additional 0.03 mag linearity systematic does not apply.",Quintero-Salazar et al.2026,2006-05-00,2453856.5
NGC3370,2006ApJ...642L..29N,Ngeow & Kanbur 2006,W(VI),32.324,0.035,,,3,64,True,GC,1,2006,2026,"Galactic Ngeow & Kanbur (2004) PL calibration with metallicity correction. A 0.10 mag Galactic zero-point uncertainty is discussed, but no module-specific e_S or e_T is tabulated.",Quintero-Salazar et al.2026,2006-05-00,2453856.5
NGC3370,2006ApJ...642L..29N,Ngeow & Kanbur 2006,W(VI),32.363,0.035,,,3,64,True,GC,1,2006,2026,Galactic Sandage et al. (2004) PL calibration with metallicity correction. The modulus error is random only; Galactic zero-point systematics are discussed separately for H0.,Quintero-Salazar et al.2026,2006-05-00,2453856.5
NGC3370,2006ApJS..165..108S,Saha et al.2006,W(VI),32.37,0.03,0.08,0.08544003745,2,64,True,GC+LMC,1,2006,2026,Final metallicity-corrected modulus from 64 HST Cepheids. The uncorrected GC/LMC solutions are 32.42/32.14 mag; their period-dependent corrections converge near the adopted value.,Quintero-Salazar et al.2026,2006-07-00,2453917.5
NGC3370,2009ApJ...699..539R,Riess et al. 2009,W(F160W VI),32.12,0.0771,,,5,26,True,N4258,1,2009,2026,"Relative modulus delta_mu0=mu0(host)-mu0(NGC4258); adding mu4258~29.29 gives mu0~2.831 mag. Twenty-six Cepheids enter the clipped fit. ACS optical colors and NIC2 F160W are used, with metallicity fitted simultaneously.",Quintero-Salazar et al.2026,2009-07-00,2455013.5
NGC3370,2011ApJ...730..119R,Riess et al. 2011,W(H VI),32.13,0.07,,,3,-1,True,N4258+LMC+GC,1,2011,2026,"The global fit gives 32.13 mag. Figure 7 lists 86 measured Cepheids, but the final number retained after completeness and outlier cuts is not tabulated. The 0.07 mag fit error is quoted without a separate host-specific systematic term.",Quintero-Salazar et al.2026,2011-04-00,2455652.5
NGC3370,2013MNRAS.434.2866F,Fiorentino et al.2013,F160W,32.04,0.03,,,1,69,True,LMC,1,2013,2026,"Pure theoretical F160W PL fit for Z=0.02, Y=0.28 and P>10 d. The 69 good Cepheids define the fit; sigma=0.32 mag. Crowding may explain their anomalously bright and blue distribution.",Quintero-Salazar et al.2026,2013-10-00,2456566.5
NGC3370,2016ApJ...826...56R,Riess et al.2016,VIHK,32.072,0.049,,,1,63,True,N4258,1,2016,2026,NGC 3370 result from Table 5. Approximate SN-independent Cepheid distance; the quoted uncertainty is statistical and ignores inter-host covariance.,Quintero-Salazar et al.2026,2016-07-00,2457570.5
NGC3370,2022ApJ...934L...7R,Riess et al. 2022,W H(VI),32.12,0.047,0.019,0.051,2,73,True,N4258+GC+LMC,1,2022,2026,Preferred SN-independent mu_host derived from the first two distance-ladder rungs. The 0.019 mag systematic is shared across hosts. Error computed/retrieved from Table6.,Quintero-Salazar et al.2026,2022-07-00,2459761.5
NGC3370,2022ApJ...934L...7R,Riess et al. 2022,W H(VI),32.123,0.048,0.019,0.052,2,73,True,N4258+GC+LMC,1,2022,2026,Approximate mu_Ceph obtained after removing SN 1994ae from the fit for NGC 3370; other calibrator SNe remain in the global solution. Error computed/retrieved from Table6.,Quintero-Salazar et al.2026,2022-07-00,2459761.5
M66,2000ApJ...529..723G,Gibson et al. 2000,W(VI),30.06,0.17,0.16,0.2334523506,2,17,False,LMC,1,2000,2026,"Final ALLFRAME+TRIAL fit to 17 of 36 Cepheids with P>25 d. Dust, bright background and anomalous aperture corrections motivated a 0.15 mag photometric random term, producing the relatively large e_R.",Quintero-Salazar et al.2026,2000-02-00,2451575.5
M66,2000ApJ...529..723G,Gibson et al. 2000,W(VI),30.15,0.08,0.16,0.1788854382,2,21,False,LMC,1,2000,2026,"Alternative Key Project fit to Saha et al. photometry. Four outliers were removed from their 25-star final set, leaving 21 Cepheids; the unweighted mean of the individual dereddened moduli was adopted.",Quintero-Salazar et al.2026,2000-02-00,2451575.5
M66,2000ApJ...529..745F,Ferrarese et al.2000,W(VI),30.06,0.17,,,1,-1,False,LMC,1,2000,2026,They calculate gamma.,Quintero-Salazar et al.2026,2000-02-00,2451575.5
M66,2001ApJ...547L.103G,Gibson & Stetson 2001,W(VI),29.794,0.169,,,3,17,False,LMC,1,2001,2026,"Uncorrected re-fit of 17 previously selected Cepheids using the Stetson WFPC2 zero point, Udalski OGLE-LMC PL relations and mu_LMC=18.45. The quoted error is internal; the paper does not assign a galaxy-specific systematic term.",Quintero-Salazar et al.2026,2001-02-00,2451941.5
M66,2001ApJ...547L.103G,Gibson & Stetson 2001,W(VI),29.944,0.169,,,3,17,True,LMC,1,2001,2026,"Metallicity-corrected result for the same 17 Cepheids, adopting gamma_VI=-0.2 mag dex^-1 and the published field abundance. The correction raises the modulus by 0.150 mag without changing the quoted internal error.",Quintero-Salazar et al.2026,2001-02-00,2451941.5
M66,2001ApJ...548..564W,Willick & Batra 2001,VI,29.7,0.07,,,3,36,False,LMC,1,2001,2026,Published Sandage/Saha HST photometry reanalyzed by the Key Project is refitted with the OGLE-LMC PL calibration. The random error includes PL scatter and reddening uncertainty; no metallicity correction is applied.,Quintero-Salazar et al.2026,2001-02-00,2451941.5
M66,2001ApJ...553...47F,Freedman et al.2001,W(VI),29.86,0.08,,,1,16,False,LMC,1,2001,2026,Final period-cut Wesenheit fit before abundance correction. e_R is the random PL-fit error only; N_cef is the post-cut sample.,Quintero-Salazar et al.2026,2001-05-00,2452030.5
M66,2001ApJ...553...47F,Freedman et al.2001,W(VI),30.01,0.08,,,1,16,True,LMC,1,2001,2026,"Table 4 mu_Z, using gamma=-0.2 mag dex^-1 relative to the LMC. Metallicity uncertainty is systematic and excluded from e_R.",Quintero-Salazar et al.2026,2001-05-00,2452030.5
M66,2002AJ....123..207D,Dolphin & Kennicutt 2002,W(VI),29.97,0.09,,,3,28,False,LMC,1,2002,2026,Udalski et al. (1999) PL calibration shifted to mu_LMC=18.50. This solution is 0.12 mag shorter than the MF91 result and differs from the value adopted by Freedman et al. (2001).,Quintero-Salazar et al.2026,2002-01-00,2452275.5
M66,2002AJ....123..207D,Dolphin & Kennicutt 2002,W(VI),30.03,0.11,,,3,28,False,LMC,1,2002,2026,"Preferred modulus, obtained as a conservative average of the MF91 and Udalski solutions. The uncertainty was enlarged accordingly; no separate systematic error or metallicity correction is provided.",Quintero-Salazar et al.2026,2002-01-00,2452275.5
M66,2002AJ....123..207D,Dolphin & Kennicutt 2002,W(VI),30.09,0.1,,,3,28,False,LMC,1,2002,2026,"Madore & Freedman (1991) PL calibration. The error is mainly associated with observational scatter. Photometry is fainter than earlier reductions, likely because of the local-sky treatment.",Quintero-Salazar et al.2026,2002-01-00,2452275.5
M66,2002A&A...383..398P,Paturel et al. 2002,W(VI),29.8,0.06,,,3,-1,False,GC,1,2002,2026,Preferred near-solar-metallicity solution with low Vlim sensitivity (+0.06/-0.03 mag). The 369 entries in Table 6 are sosie associations and cannot be treated as distinct Cepheids.,Quintero-Salazar et al.2026,2002-02-00,2452306.5
M66,2002A&A...389...19P,"Paturel, G. et al.2002",W(VI),29.77,0.07,,,1,369,False,GC,1,2002,2026,Present-paper HIPPARCOS-calibrated PL solution. The quoted uncertainty is internal; the incompleteness correction is small for this galaxy.,Quintero-Salazar et al.2026,2002-07-00,2452456.5
M66,2003A&A...411..361K,"Kanbur, S. M. et al.2003",W(VI),30.116,0.087,,,1,25,False,LMC,1,2003,2026,Maximum-light LMC PL solution used as a consistency check. CTE corrected; no metallicity correction.,Quintero-Salazar et al.2026,2003-12-00,2452974.5
M66,2003A&A...411..361K,"Kanbur, S. M. et al.2003",W(VI),30.127,0.084,,,1,25,False,LMC,1,2003,2026,Representative mean-light result using the authors' OGLE LMC PL fit. CTE corrected but not metallicity corrected; the error is random only.,Quintero-Salazar et al.2026,2003-12-00,2452974.5
M66,2003A&A...411..361K,"Kanbur, S. M. et al.2003",W(VI),30.206,0.083,,,1,25,False,GC,1,2003,2026,Representative FSG03 Galactic mean-light solution. CTE corrected but not metallicity corrected.,Quintero-Salazar et al.2026,2003-12-00,2452974.5
M66,2003A&A...411..361K,"Kanbur, S. M. et al.2003",W(VI),30.277,0.084,,,1,25,True,LMC,1,2003,2026,LMC mean-light solution with a +0.150 mag metallicity correction; the additive correction leaves e_R unchanged.,Quintero-Salazar et al.2026,2003-12-00,2452974.5
M66,2003A&A...411..361K,"Kanbur, S. M. et al.2003",W(VI),30.282,0.083,,,1,25,True,GC,1,2003,2026,FSG03 Galactic result with a +0.076 mag metallicity correction relative to Galactic abundance.,Quintero-Salazar et al.2026,2003-12-00,2452974.5
M66,2006ApJS..165..108S,Saha et al.2006,W(VI),30.5,0.09,0.08,0.1204159458,2,22,True,GC+LMC,1,2006,2026,Revised SN Ia-host distance using corrected WFPC2 photometry. Period-dependent metallicity corrections bring the uncorrected GC/LMC moduli of 30.41/30.19 mag to the same final value.,Quintero-Salazar et al.2026,2006-07-00,2453917.5
NGC4414,2000ApJ...529..723G,Gibson et al. 2000,W(VI),31.41,0.1,0.16,0.1886796226,2,-1,False,LMC,1,2000,2026,"Values based on Turner et al. (1998).They apply metallicity correction but just for Ho, not modulus",Quintero-Salazar et al.2026,2000-02-00,2451575.5
NGC4414,2000ApJ...529..745F,Ferrarese et al.2000,W(VI),31.41,0.1,,,1,-1,False,LMC,1,2000,2026,They calculate gamma.,Quintero-Salazar et al.2026,2000-02-00,2451575.5
NGC4414,2001ApJ...547L.103G,Gibson & Stetson 2001,W(VI),31.154,0.105,,,3,9,False,LMC,1,2001,2026,Uncorrected re-fit of nine previously selected Cepheids on the Stetson and Udalski OGLE-LMC calibration. The value is referenced to mu_LMC=18.45; only the internal random R_PL uncertainty is listed.,Quintero-Salazar et al.2026,2001-02-00,2451941.5
NGC4414,2001ApJ...547L.103G,Gibson & Stetson 2001,W(VI),31.294,0.105,,,3,9,True,LMC,1,2001,2026,"Metallicity-corrected result for the same nine Cepheids, using gamma_VI=-0.2 mag dex^-1 and the adopted field abundance. The +0.140 mag correction does not alter the reported internal random uncertainty.",Quintero-Salazar et al.2026,2001-02-00,2451941.5
NGC4414,2001ApJ...548..564W,Willick & Batra 2001,VI,31.17,0.13,,,3,11,False,LMC,1,2001,2026,The relatively large random uncertainty reflects the small 11-Cepheid sample and reddening-error propagation. The shared LMC zero-point systematic is not included in the tabulated modulus error.,Quintero-Salazar et al.2026,2001-02-00,2451941.5
NGC4414,2001ApJ...553...47F,Freedman et al.2001,W(VI),31.1,0.05,,,1,8,False,LMC,1,2001,2026,Final period-cut Wesenheit fit before abundance correction. e_R is the random PL-fit error only; N_cef is the post-cut sample.,Quintero-Salazar et al.2026,2001-05-00,2452030.5
NGC4414,2001ApJ...553...47F,Freedman et al.2001,W(VI),31.24,0.05,,,1,8,True,LMC,1,2001,2026,"Table 4 mu_Z, using gamma=-0.2 mag dex^-1 relative to the LMC. Metallicity uncertainty is systematic and excluded from e_R.",Quintero-Salazar et al.2026,2001-05-00,2452030.5
NGC4414,2002A&A...383..398P,Paturel et al. 2002,W(VI),31.62,0.09,,,3,-1,False,GC,1,2002,2026,Not flagged as a secure near-solar solution. Lowering Vlim by 0.5 mag increases mu by 0.78 mag; only 18 sosie matches are listed. The unique-Cepheid sample size is unclear.,Quintero-Salazar et al.2026,2002-02-00,2452306.5
NGC4414,2002A&A...389...19P,"Paturel, G. et al.2002",W(VI),31.27,0.05,,,1,18,False,GC,1,2002,2026,HIPPARCOS-calibrated result with internal error. It changes by +0.13/-0.06 mag when the adopted limiting magnitude is shifted by -/+0.5 mag.,Quintero-Salazar et al.2026,2002-07-00,2452456.5
NGC4414,2003A&A...411..361K,"Kanbur, S. M. et al.2003",W(VI),31.099,0.044,,,1,8,False,LMC,1,2003,2026,Representative mean-light OGLE LMC solution. CTE corrected but not metallicity corrected; random error only.,Quintero-Salazar et al.2026,2003-12-00,2452974.5
NGC4414,2003A&A...411..361K,"Kanbur, S. M. et al.2003",W(VI),31.099,0.042,,,1,8,False,LMC,1,2003,2026,"Maximum-light LMC PL solution. It agrees exactly, to the quoted precision, with the mean-light LMC result.",Quintero-Salazar et al.2026,2003-12-00,2452974.5
NGC4414,2003A&A...411..361K,"Kanbur, S. M. et al.2003",W(VI),31.204,0.052,,,1,8,False,GC,1,2003,2026,Representative FSG03 Galactic mean-light solution. CTE corrected but not metallicity corrected.,Quintero-Salazar et al.2026,2003-12-00,2452974.5
NGC4414,2003A&A...411..361K,"Kanbur, S. M. et al.2003",W(VI),31.239,0.044,,,1,8,True,LMC,1,2003,2026,LMC mean-light solution with a +0.140 mag metallicity correction. The small Cepheid sample should be considered.,Quintero-Salazar et al.2026,2003-12-00,2452974.5
NGC4414,2003A&A...411..361K,"Kanbur, S. M. et al.2003",W(VI),31.27,0.052,,,1,8,True,GC,1,2003,2026,FSG03 Galactic solution with a +0.066 mag metallicity correction; its systematic uncertainty is excluded.,Quintero-Salazar et al.2026,2003-12-00,2452974.5
NGC4414,2006ApJS..165..108S,Saha et al.2006,W(VI),31.65,0.17,0.08,0.1878829423,2,10,True,GC+LMC,1,2006,2026,Final metallicity-corrected modulus from only 10 retained Cepheids. The uncorrected GC/LMC values are 31.55/31.29 mag; the comparatively large random error reflects the small and scattered sample.,Quintero-Salazar et al.2026,2006-07-00,2453917.5
NGC4496A,1996ApJS..107..693S,Saha et al. 1996,W(VI),31.03,0.14,,,3,45,False,LMC,1,1996,2026,"HST/WFPC2 used 17 F555W and 4 F814W epochs. Although 95 bona fide Cepheids were catalogued, the adopted modulus uses 45 with logP>1.25, 0.60<(V-I)<1.10 and Q>=4. A +0.05 mag long/short-exposure correction was applied. No metallicity correction; aperture and zero-point systematics were discussed but not separately quantified.",Quintero-Salazar et al.2026,1996-12-00,2450418.5
NGC4496A,2000ApJ...529..723G,Gibson et al. 2000,W(VI),30.99,0.07,0.16,0.174642492,2,44,False,LMC,1,2000,2026,"Alternative Key Project fit to the original Saha et al. photometry, using the article's stated 44-Cepheid P>18 d sample. This shorter cutoff is more susceptible to incompleteness than the preferred P>25 d fit.",Quintero-Salazar et al.2026,2000-02-00,2451575.5
NGC4496A,2000ApJ...529..723G,Gibson et al. 2000,W(VI),31.02,0.07,0.16,0.174642492,2,51,False,LMC,1,2000,2026,"Final ALLFRAME+TRIAL solution from 51 of 94 Cepheids with P>25 d, selected to reduce incompleteness bias. It agrees with the earlier Saha et al. distance; no metallicity correction enters the tabulated modulus.",Quintero-Salazar et al.2026,2000-02-00,2451575.5
NGC4496A,2000ApJ...529..745F,Ferrarese et al.2000,W(VI),31.02,0.07,,,1,-1,False,LMC,1,2000,2026,They calculate gamma.,Quintero-Salazar et al.2026,2000-02-00,2451575.5
NGC4496A,2000ApJ...530L...5G,Gibson et al. 2000,W(VI),30.949,0.043,,,1,45,False,LMC,1,2000,2026,"WFC-only True modulus from 45 Cepheids. The PC-WFC difference is +0.031+/-0.113 mag, consistent with zero and smaller than the +0.11 mag severe-blending prediction. No metallicity correction was applied.",Quintero-Salazar et al.2026,2000-02-00,2451575.5
NGC4496A,2000ApJ...530L...5G,Gibson et al. 2000,W(VI),30.98,0.104,,,1,6,False,LMC,1,2000,2026,"PC-only True modulus from six Cepheids, calculated as part of the blending test. It is not the paper's adopted global distance to NGC 4496A. The quoted uncertainty is internal and no systematic term is tabulated.",Quintero-Salazar et al.2026,2000-02-00,2451575.5
NGC4496A,2001ApJ...547L.103G,Gibson & Stetson 2001,W(VI),30.75,0.067,,,3,51,False,LMC,1,2001,2026,Uncorrected re-fit of 51 previously selected Cepheids using the Stetson WFPC2 zero point and Udalski OGLE-LMC PL relations. The listed uncertainty is the internal R_PL term; systematic components are discussed but not assigned individually.,Quintero-Salazar et al.2026,2001-02-00,2451941.5
NGC4496A,2001ApJ...547L.103G,Gibson & Stetson 2001,W(VI),30.804,0.067,,,3,51,True,LMC,1,2001,2026,"Metallicity-corrected result for the same 51 Cepheids, adopting gamma_VI=-0.2 mag dex^-1. The correction is only +0.054 mag because of the adopted field abundance; the internal R_PL uncertainty remains unchanged.",Quintero-Salazar et al.2026,2001-02-00,2451941.5
NGC4496A,2001ApJ...548..564W,Willick & Batra 2001,VI,30.8,0.05,,,3,94,False,LMC,1,2001,2026,The largest sample among these hosts gives a small random error. Sandage/Saha HST data reanalyzed by the Key Project are fitted with OGLE-LMC slopes. LMC zero-point systematics are excluded.,Quintero-Salazar et al.2026,2001-02-00,2451941.5
NGC4496A,2001ApJ...549..721M,Macri et al.2001,H,31.12,0.07,,,1,7,True,LMC,1,2001,2026,They use the H band data.,Quintero-Salazar et al.2026,2001-03-00,2451969.5
NGC4496A,2001ApJ...553...47F,Freedman et al.2001,W(VI),30.81,0.03,,,1,94,False,LMC,1,2001,2026,Final period-cut Wesenheit fit before abundance correction. e_R is the random PL-fit error only; N_cef is the post-cut sample.,Quintero-Salazar et al.2026,2001-05-00,2452030.5
NGC4496A,2001ApJ...553...47F,Freedman et al.2001,W(VI),30.86,0.03,,,1,94,True,LMC,1,2001,2026,"Table 4 mu_Z, using gamma=-0.2 mag dex^-1 relative to the LMC. Metallicity uncertainty is systematic and excluded from e_R.",Quintero-Salazar et al.2026,2001-05-00,2452030.5
NGC4496A,2002A&A...383..398P,Paturel et al. 2002,W(VI),31.03,0.04,,,3,-1,False,GC,1,2002,2026,"Not flagged as a preferred near-solar solution. Despite the small internal error, lowering Vlim by 0.5 mag shifts mu by +0.42 mag. The 280 sosie matches are not distinct Cepheids.",Quintero-Salazar et al.2026,2002-02-00,2452306.5
NGC4496A,2002A&A...389...19P,"Paturel, G. et al.2002",W(VI),30.81,0.03,,,1,280,False,GC,1,2002,2026,HIPPARCOS-calibrated PL result with a small internal error and weak sensitivity to the limiting-magnitude test.,Quintero-Salazar et al.2026,2002-07-00,2452456.5
NGC4496A,2003A&A...411..361K,"Kanbur, S. M. et al.2003",W(VI),30.833,0.043,,,1,45,False,LMC,1,2003,2026,Representative mean-light OGLE LMC solution. Includes the +0.05 mag STS CTE correction but no metallicity correction.,Quintero-Salazar et al.2026,2003-12-00,2452974.5
NGC4496A,2003A&A...411..361K,"Kanbur, S. M. et al.2003",W(VI),30.84,0.044,,,1,45,False,LMC,1,2003,2026,Maximum-light LMC PL solution. CTE corrected and consistent with the corresponding mean-light result.,Quintero-Salazar et al.2026,2003-12-00,2452974.5
NGC4496A,2003A&A...411..361K,"Kanbur, S. M. et al.2003",W(VI),30.887,0.043,,,1,45,True,LMC,1,2003,2026,LMC solution with a +0.054 mag metallicity correction. The same random error is retained.,Quintero-Salazar et al.2026,2003-12-00,2452974.5
NGC4496A,2003A&A...411..361K,"Kanbur, S. M. et al.2003",W(VI),30.906,0.043,,,1,45,True,GC,1,2003,2026,FSG03 Galactic solution with a -0.020 mag metallicity correction. Metallicity systematics are excluded from e_R.,Quintero-Salazar et al.2026,2003-12-00,2452974.5
NGC4496A,2003A&A...411..361K,"Kanbur, S. M. et al.2003",W(VI),30.926,0.043,,,1,45,False,GC,1,2003,2026,Representative FSG03 Galactic mean-light solution. Includes the STS CTE correction; no metallicity adjustment.,Quintero-Salazar et al.2026,2003-12-00,2452974.5
NGC4496A,2006ApJS..165..108S,Saha et al.2006,W(VI),31.18,0.05,0.08,0.09433981132,2,39,True,GC+LMC,1,2006,2026,Revised SN Ia-host modulus. The uncorrected GC/LMC values are 31.24/30.99 mag. Formal negative absorption is retained statistically; forcing it to zero would lower the final modulus by 0.07 mag.,Quintero-Salazar et al.2026,2006-07-00,2453917.5
NGC4535,2000ApJ...529..745F,Ferrarese et al.2000,W(VI),31.1,0.07,,,1,-1,False,LMC,1,2000,2026,They calculate gamma.,Quintero-Salazar et al.2026,2000-02-00,2451575.5
NGC4535,2001ApJ...548..564W,Willick & Batra 2001,VI,30.88,0.06,,,3,50,False,LMC,1,2001,2026,"Key Project HST V,I photometry is refitted with fixed OGLE-LMC PL relations. The reported uncertainty is random and includes PL scatter plus reddening coupling; no metallicity term is used.",Quintero-Salazar et al.2026,2001-02-00,2451941.5
NGC4535,2001ApJ...553...47F,Freedman et al.2001,W(VI),30.85,0.05,,,1,47,False,LMC,1,2001,2026,Final period-cut Wesenheit fit before abundance correction. e_R is the random PL-fit error only; N_cef is the post-cut sample.,Quintero-Salazar et al.2026,2001-05-00,2452030.5
NGC4535,2001ApJ...553...47F,Freedman et al.2001,W(VI),30.99,0.05,,,1,47,True,LMC,1,2001,2026,"Table 4 mu_Z, using gamma=-0.2 mag dex^-1 relative to the LMC. Metallicity uncertainty is systematic and excluded from e_R.",Quintero-Salazar et al.2026,2001-05-00,2452030.5
NGC4535,2002A&A...383..398P,Paturel et al. 2002,W(VI),31.08,0.07,,,3,-1,False,GC,1,2002,2026,"Preferred near-solar-metallicity solution. Vlim variations shift mu by +0.15/-0.08 mag. Table 6 lists 64 sosie matches, but the number of distinct Cepheids is not unambiguous.",Quintero-Salazar et al.2026,2002-02-00,2452306.5
NGC4535,2002A&A...389...19P,"Paturel, G. et al.2002",W(VI),30.87,0.07,,,1,64,False,GC,1,2002,2026,Present-paper HIPPARCOS PL solution. No numerical metallicity correction is applied; the galaxy lies within the authors' accepted Sa-Scd range.,Quintero-Salazar et al.2026,2002-07-00,2452456.5
NGC4535,2003A&A...411..361K,"Kanbur, S. M. et al.2003",W(VI),30.856,0.053,,,1,47,False,LMC,1,2003,2026,Maximum-light LMC PL solution. It is 0.018 mag shorter than the representative mean-light value.,Quintero-Salazar et al.2026,2003-12-00,2452974.5
NGC4535,2003A&A...411..361K,"Kanbur, S. M. et al.2003",W(VI),30.874,0.053,,,1,47,False,LMC,1,2003,2026,Representative mean-light OGLE LMC solution. CTE corrected but not metallicity corrected.,Quintero-Salazar et al.2026,2003-12-00,2452974.5
NGC4535,2003A&A...411..361K,"Kanbur, S. M. et al.2003",W(VI),30.969,0.054,,,1,47,False,GC,1,2003,2026,Representative FSG03 Galactic mean-light solution. CTE corrected without metallicity adjustment.,Quintero-Salazar et al.2026,2003-12-00,2452974.5
NGC4535,2003A&A...411..361K,"Kanbur, S. M. et al.2003",W(VI),31.014,0.053,,,1,47,True,LMC,1,2003,2026,LMC mean-light solution with a +0.140 mag metallicity correction; the random error remains unchanged.,Quintero-Salazar et al.2026,2003-12-00,2452974.5
NGC4535,2003A&A...411..361K,"Kanbur, S. M. et al.2003",W(VI),31.035,0.054,,,1,47,True,GC,1,2003,2026,FSG03 Galactic result with a +0.066 mag metallicity correction. Corrected LMC and GC solutions agree closely.,Quintero-Salazar et al.2026,2003-12-00,2452974.5
NGC4535,2006ApJS..165..108S,Saha et al.2006,W(VI),31.25,0.04,0.08,0.0894427191,2,42,True,GC+LMC,1,2006,2026,Final period-dependent metallicity-corrected result. Corrections of +0.10 and +0.34 mag reconcile the uncorrected GC and LMC moduli of 31.15 and 30.90 mag.,Quintero-Salazar et al.2026,2006-07-00,2453917.5
NGC4536,2000ApJ...529..723G,Gibson et al. 2000,W(VI),30.76,0.12,0.16,0.2,2,17,False,LMC,1,2000,2026,"Alternative fit to Saha et al. photometry using 17 high-quality Cepheids on chips 1, 3 and 4. Chip 2 was excluded because its modulus was 0.66 mag larger; including it would give mu0=31.03+/-0.11.",Quintero-Salazar et al.2026,2000-02-00,2451575.5
NGC4536,2000ApJ...529..723G,Gibson et al. 2000,W(VI),30.95,0.07,0.16,0.174642492,2,27,False,LMC,1,2000,2026,Final ALLFRAME+TRIAL solution. The PL fit uses 27 of 39 candidates with P>20 d to limit incompleteness. All four WFPC2 chips are included because this reduction shows no significant chip-dependent offset.,Quintero-Salazar et al.2026,2000-02-00,2451575.5
NGC4536,2000ApJ...529..745F,Ferrarese et al.2000,W(VI),30.95,0.07,,,1,-1,False,LMC,1,2000,2026,They calculate gamma.,Quintero-Salazar et al.2026,2000-02-00,2451575.5
NGC4536,2000ApJ...530L...5G,Gibson et al. 2000,W(VI),30.851,0.097,,,1,6,False,LMC,1,2000,2026,"PC-only True modulus from six Cepheids, derived for the differential blending test. It is a chip-specific PL result rather than an adopted global galaxy distance. The quoted uncertainty is internal; no separate systematic term is provided.",Quintero-Salazar et al.2026,2000-02-00,2451575.5
NGC4536,2000ApJ...530L...5G,Gibson et al. 2000,W(VI),30.886,0.046,,,1,21,False,LMC,1,2000,2026,"WFC-only True modulus from 21 Cepheids. Its offset from the PC result is -0.035+/-0.167 mag, inconsistent with the +0.11 mag shift predicted by severe blending. No metallicity correction was applied.",Quintero-Salazar et al.2026,2000-02-00,2451575.5
NGC4536,2001ApJ...547L.103G,Gibson & Stetson 2001,W(VI),30.693,0.069,,,3,27,False,LMC,1,2001,2026,"Uncorrected re-fit of 27 previously selected Cepheids using the Stetson WFPC2 zero point, Udalski OGLE-LMC PL relations and mu_LMC=18.45. Only the internal random R_PL uncertainty is tabulated.",Quintero-Salazar et al.2026,2001-02-00,2451941.5
NGC4536,2001ApJ...547L.103G,Gibson & Stetson 2001,W(VI),30.763,0.069,,,3,27,True,LMC,1,2001,2026,"Metallicity-corrected result for the same 27 Cepheids, using gamma_VI=-0.2 mag dex^-1 and the adopted field abundance. The correction raises the modulus by 0.070 mag; the reported internal error is unchanged.",Quintero-Salazar et al.2026,2001-02-00,2451941.5
NGC4536,2001ApJ...548..564W,Willick & Batra 2001,VI,30.77,0.07,,,3,39,False,LMC,1,2001,2026,Sandage/Saha HST observations reanalyzed by the Key Project are used. The fit solves simultaneously for distance and reddening. The quoted error is random; the dominant common LMC systematic is omitted.,Quintero-Salazar et al.2026,2001-02-00,2451941.5
NGC4536,2001ApJ...549..721M,Macri et al.2001,H,31.47,0.15,,,1,2,True,LMC,1,2001,2026,They use the H band data.,Quintero-Salazar et al.2026,2001-03-00,2451969.5
NGC4536,2001ApJ...553...47F,Freedman et al.2001,W(VI),30.8,0.04,,,1,35,False,LMC,1,2001,2026,Final period-cut Wesenheit fit before abundance correction. e_R is the random PL-fit error only; N_cef is the post-cut sample.,Quintero-Salazar et al.2026,2001-05-00,2452030.5
NGC4536,2001ApJ...553...47F,Freedman et al.2001,W(VI),30.87,0.04,,,1,35,True,LMC,1,2001,2026,"Table 4 mu_Z, using gamma=-0.2 mag dex^-1 relative to the LMC. Metallicity uncertainty is systematic and excluded from e_R.",Quintero-Salazar et al.2026,2001-05-00,2452030.5
NGC4536,2002A&A...383..398P,Paturel et al. 2002,W(VI),31.04,0.06,,,3,-1,False,GC,1,2002,2026,"Preferred near-solar-metallicity solution. Vlim variations shift mu by +0.18/-0.12 mag. The 153 Table 6 entries represent sosie matches, not a verified distinct-Cepheid count.",Quintero-Salazar et al.2026,2002-02-00,2452306.5
NGC4536,2002A&A...389...19P,"Paturel, G. et al.2002",W(VI),30.79,0.07,,,1,153,False,GC,1,2002,2026,"Bias-corrected HIPPARCOS PL solution. Incompleteness is important in the raw sample, although the limiting-magnitude stability test around the final fit is small.",Quintero-Salazar et al.2026,2002-07-00,2452456.5
NGC4536,2003A&A...411..361K,"Kanbur, S. M. et al.2003",W(VI),30.826,0.102,,,1,31,False,LMC,1,2003,2026,Representative LMC mean-light solution. Includes the +0.05 mag STS CTE correction; random error only.,Quintero-Salazar et al.2026,2003-12-00,2452974.5
NGC4536,2003A&A...411..361K,"Kanbur, S. M. et al.2003",W(VI),30.843,0.102,,,1,31,False,LMC,1,2003,2026,Maximum-light LMC PL solution used as a consistency test. CTE corrected without metallicity correction.,Quintero-Salazar et al.2026,2003-12-00,2452974.5
NGC4536,2003A&A...411..361K,"Kanbur, S. M. et al.2003",W(VI),30.896,0.102,,,1,31,True,LMC,1,2003,2026,LMC solution with a +0.070 mag metallicity correction. No additional random uncertainty is assigned.,Quintero-Salazar et al.2026,2003-12-00,2452974.5
NGC4536,2003A&A...411..361K,"Kanbur, S. M. et al.2003",W(VI),30.925,0.102,,,1,31,True,GC,1,2003,2026,FSG03 Galactic solution with a negligible -0.004 mag metallicity correction.,Quintero-Salazar et al.2026,2003-12-00,2452974.5
NGC4536,2003A&A...411..361K,"Kanbur, S. M. et al.2003",W(VI),30.929,0.102,,,1,31,False,GC,1,2003,2026,Representative FSG03 Galactic mean-light solution. CTE corrected but not metallicity corrected.,Quintero-Salazar et al.2026,2003-12-00,2452974.5
NGC4536,2005ApJ...627..579R,Riess et al. 2005,W(VI),30.78,0.07,,,3,-1,False,LMC,1,2005,2026,Re-fit of published Gibson et al. (2000) WFPC2 photometry using the OGLE+10 PL relations. The number of retained Cepheids is not stated clearly; the +0.08 mag metallicity correction is not applied.,Quintero-Salazar et al.2026,2005-07-00,2453552.5
NGC4536,2005ApJ...627..579R,Riess et al. 2005,W(VI),30.86,0.09,,,3,-1,True,LMC,1,2005,2026,Adopted distance after a +0.08+/-0.05 mag metallicity correction. The error is statistical from the PL fit and O/H measurement; no per-galaxy systematic or total uncertainty is listed.,Quintero-Salazar et al.2026,2005-07-00,2453552.5
NGC4536,2006ApJ...642L..29N,Ngeow & Kanbur 2006,W(VI),30.77,0.044,,,3,35,True,LMC,1,2006,2026,"STR04 nonlinear, long-period LMC PL solution with metallicity and CTE corrections. Only the random modulus error is reported.",Quintero-Salazar et al.2026,2006-05-00,2453856.5
NGC4536,2006ApJ...642L..29N,Ngeow & Kanbur 2006,W(VI),30.784,0.043,,,3,35,True,LMC,1,2006,2026,STR04 linear LMC PL solution. The corrected modulus includes the -0.07 mag CTE term. An additional linearity systematic is discussed but not assigned as an individual e_S.,Quintero-Salazar et al.2026,2006-05-00,2453856.5
NGC4536,2006ApJ...642L..29N,Ngeow & Kanbur 2006,W(VI),30.794,0.043,,,3,35,True,LMC,1,2006,2026,"KN04 nonlinear LMC PL solution with period, metallicity, and -0.07 mag CTE corrections. No individual systematic or total modulus error is quoted.",Quintero-Salazar et al.2026,2006-05-00,2453856.5
NGC4536,2006ApJ...642L..29N,Ngeow & Kanbur 2006,W(VI),30.803,0.043,,,3,35,True,LMC,1,2006,2026,KN04 linear LMC PL solution after the period cut and metallicity and CTE corrections. The table provides random error only.,Quintero-Salazar et al.2026,2006-05-00,2453856.5
NGC4536,2006ApJ...642L..29N,Ngeow & Kanbur 2006,W(VI),30.808,0.043,,,3,35,True,LMC,1,2006,2026,"KN06 linear LMC PL solution, used for the preferred linear H0 calibration. It includes the period cut and metallicity and CTE corrections.",Quintero-Salazar et al.2026,2006-05-00,2453856.5
NGC4536,2006ApJ...642L..29N,Ngeow & Kanbur 2006,W(VI),30.81,0.043,,,3,35,True,LMC,1,2006,2026,"TR02 linear LMC PL solution. It includes a period cut, metallicity correction, and -0.07 mag CTE correction. Random error only is attached to the modulus.",Quintero-Salazar et al.2026,2006-05-00,2453856.5
NGC4536,2006ApJ...642L..29N,Ngeow & Kanbur 2006,W(VI),30.819,0.042,,,3,35,True,LMC,1,2006,2026,"KN06 nonlinear LMC PL solution, preferred for the nonlinear H0 result. The modulus includes period, metallicity, and CTE corrections; its error is random only.",Quintero-Salazar et al.2026,2006-05-00,2453856.5
NGC4536,2006ApJ...642L..29N,Ngeow & Kanbur 2006,W(VI),30.834,0.043,,,3,35,True,LMC,1,2006,2026,"TR02 nonlinear LMC PL solution, including period, metallicity, and CTE corrections. The tabulated uncertainty is random only.",Quintero-Salazar et al.2026,2006-05-00,2453856.5
NGC4536,2006ApJ...642L..29N,Ngeow & Kanbur 2006,W(VI),30.902,0.039,,,3,35,True,GC,1,2006,2026,"Galactic Ngeow & Kanbur (2004) PL calibration with period, metallicity, and CTE corrections. The quoted uncertainty is random only.",Quintero-Salazar et al.2026,2006-05-00,2453856.5
NGC4536,2006ApJ...642L..29N,Ngeow & Kanbur 2006,W(VI),30.943,0.039,,,3,35,True,GC,1,2006,2026,"Galactic Sandage et al. (2004) PL calibration with period, metallicity, and CTE corrections. The Galactic zero-point systematic is discussed, but no individual e_S or e_T is given.",Quintero-Salazar et al.2026,2006-05-00,2453856.5
NGC4536,2006ApJS..165..108S,Saha et al.2006,W(VI),31.24,0.09,0.08,0.1204159458,2,27,True,GC+LMC,1,2006,2026,Revised SN Ia-host distance. The uncorrected GC/LMC values are 31.26/30.98 mag. The two metallicity-corrected routes agree within 0.01 mag; formal negative absorption is retained.,Quintero-Salazar et al.2026,2006-07-00,2453917.5
NGC4536,2009ApJ...699..539R,Riess et al. 2009,W(F160W VI),30.43,0.0845,,,5,15,True,N4258,1,2009,2026,Relative modulus delta_mu0=mu0(host)-mu0(NGC4258); adding mu4258~29.29 gives mu0~1.145 mag. Fifteen Cepheids enter the clipped fit. WFPC2 V-I was transformed to the ACS scale; its net systematic effect on W is ~0.01 mag.,Quintero-Salazar et al.2026,2009-07-00,2455013.5
NGC4536,2011ApJ...730..119R,Riess et al. 2011,W(H VI),30.91,0.07,,,3,-1,True,N4258+LMC+GC,1,2011,2026,"Figure 7 lists 49 measured Cepheids, but the final retained count is not given. Modeling rather than rejecting outliers shifts its intercept by 0.08+/-0.05 mag, the largest such effect among the hosts.",Quintero-Salazar et al.2026,2011-04-00,2455652.5
NGC4536,2013MNRAS.434.2866F,Fiorentino et al.2013,F160W,30.92,0.05,,,1,49,True,LMC,1,2013,2026,"Pure theoretical F160W PL fit for Z=0.02, Y=0.28 and P>10 d. The 49 good Cepheids define the fit; sigma=0.32 mag. Galactic foreground extinction is corrected, with no metallicity term.",Quintero-Salazar et al.2026,2013-10-00,2456566.5
NGC4536,2016ApJ...826...56R,Riess et al.2016,VIHK,30.906,0.053,,,1,33,True,N4258,1,2016,2026,NGC 4536 result from Table 5. Based on the final globally clipped Cepheid sample; no separate galaxy-level systematic or total error is tabulated.,Quintero-Salazar et al.2026,2016-07-00,2457570.5
NGC4536,2022ApJ...934L...7R,Riess et al. 2022,W H(VI),30.835,0.046,0.019,0.05,2,40,True,N4258+GC+LMC,1,2022,2026,Preferred SN-independent mu_host; no SN measurements are used. Inter-host covariance from common anchors and PL parameters must be retained. Error computed/retrieved from Table6.,Quintero-Salazar et al.2026,2022-07-00,2459761.5
NGC4536,2022ApJ...934L...7R,Riess et al. 2022,W H(VI),30.838,0.047,0.019,0.051,2,40,True,N4258+GC+LMC,1,2022,2026,Approximate mu_Ceph obtained after excluding only SN 1981B from NGC 4536; other SN calibrators remain in the global solution. Error computed/retrieved from Table6.,Quintero-Salazar et al.2026,2022-07-00,2459761.5
NGC4725,2000ApJ...529..745F,Ferrarese et al.2000,W(VI),30.57,0.08,,,1,-1,False,LMC,1,2000,2026,They calculate gamma.,Quintero-Salazar et al.2026,2000-02-00,2451575.5
NGC4725,2001ApJ...548..564W,Willick & Batra 2001,VI,30.37,0.1,,,3,20,False,LMC,1,2001,2026,The random error is enlarged by the modest Cepheid sample and propagation of the reddening estimate. The modulus assumes mu_LMC=18.50 mag and excludes the common zero-point systematic.,Quintero-Salazar et al.2026,2001-02-00,2451941.5
NGC4725,2001ApJ...553...47F,Freedman et al.2001,W(VI),30.38,0.06,,,1,15,False,LMC,1,2001,2026,Final period-cut Wesenheit fit before abundance correction. e_R is the random PL-fit error only; N_cef is the post-cut sample.,Quintero-Salazar et al.2026,2001-05-00,2452030.5
NGC4725,2001ApJ...553...47F,Freedman et al.2001,W(VI),30.46,0.06,,,1,15,True,LMC,1,2001,2026,"Table 4 mu_Z, using gamma=-0.2 mag dex^-1 relative to the LMC. Metallicity uncertainty is systematic and excluded from e_R.",Quintero-Salazar et al.2026,2001-05-00,2452030.5
NGC4725,2002A&A...383..398P,Paturel et al. 2002,W(VI),30.53,0.11,,,3,-1,False,GC,1,2002,2026,"Preferred near-solar-metallicity solution and nearly insensitive to Vlim (-0.01/-0.04 mag). Table 6 gives 53 sosie matches, not a verified number of unique Cepheids.",Quintero-Salazar et al.2026,2002-02-00,2452306.5
NGC4725,2002A&A...389...19P,"Paturel, G. et al.2002",W(VI),30.44,0.06,,,1,53,False,GC,1,2002,2026,Present-paper HIPPARCOS-calibrated PL solution. The internal uncertainty excludes the separately evaluated calibration and PL-slope terms.,Quintero-Salazar et al.2026,2002-07-00,2452456.5
NGC4725,2003A&A...411..361K,"Kanbur, S. M. et al.2003",W(VI),30.388,0.066,,,1,15,False,LMC,1,2003,2026,Maximum-light LMC PL solution. It is nearly identical to the corresponding mean-light result.,Quintero-Salazar et al.2026,2003-12-00,2452974.5
NGC4725,2003A&A...411..361K,"Kanbur, S. M. et al.2003",W(VI),30.393,0.067,,,1,15,False,LMC,1,2003,2026,Representative mean-light OGLE LMC solution. CTE corrected but not metallicity corrected.,Quintero-Salazar et al.2026,2003-12-00,2452974.5
NGC4725,2003A&A...411..361K,"Kanbur, S. M. et al.2003",W(VI),30.477,0.067,,,1,15,True,LMC,1,2003,2026,LMC solution with a +0.084 mag metallicity correction. The random error is inherited from the uncorrected fit.,Quintero-Salazar et al.2026,2003-12-00,2452974.5
NGC4725,2003A&A...411..361K,"Kanbur, S. M. et al.2003",W(VI),30.49,0.066,,,1,15,False,GC,1,2003,2026,Representative FSG03 Galactic mean-light solution. CTE corrected and uncorrected for metallicity.,Quintero-Salazar et al.2026,2003-12-00,2452974.5
NGC4725,2003A&A...411..361K,"Kanbur, S. M. et al.2003",W(VI),30.5,0.066,,,1,15,True,GC,1,2003,2026,"FSG03 Galactic solution with a +0.010 mag metallicity correction, negligible relative to e_R.",Quintero-Salazar et al.2026,2003-12-00,2452974.5
NGC4725,2006ApJS..165..108S,Saha et al.2006,W(VI),30.65,0.06,0.08,0.1,2,19,True,GC+LMC,1,2006,2026,Final metallicity-corrected modulus. Period-dependent corrections of +0.02 and +0.24 mag reconcile the uncorrected GC/LMC distances of 30.63/30.41 mag.,Quintero-Salazar et al.2026,2006-07-00,2453917.5
