RefCode,Citation,Band,mu_0,e_R,e_S,e_T,Category,Ncef,Zcorr,zeroP,Rank,Year,Date,Comments,Author,ADS_date,JD
2000ApJ...529..745F,Ferrarese et al.2000,W(VI),29.34,0.1,,,1,61,False,LMC,1,2000,2024,They calculate gamma.,Valencia et al.2024,2000-02-00,2451575.5
2001ApJ...548..564W,Willick & Batra 2001,W(VI),29.2,0.08,,,1,33,False,LMC,1,2001,2024,No metallicity correction applied.,Valencia et al.2024,2001-02-00,2451941.5
2001ApJ...549..721M,Macri et al.2001,J,29.19,0.08,,,1,8,True,LMC,1,2001,2024,Internal region of the galaxy.,Valencia et al.2024,2001-03-00,2451969.5
2001ApJ...549..721M,Macri et al.2001,J,29.53,0.1,,,1,8,True,LMC,1,2001,2024,External region of the galaxy.,Valencia et al.2024,2001-03-00,2451969.5
2001ApJ...553...47F,Freedman et al.2001,W(VI),29.13,0.11,,,1,25,False,LMC,1,2001,2024,There are no specific comments on the publication.,Valencia et al.2024,2001-05-00,2452030.5
2001ApJ...553...47F,Freedman et al.2001,W(VI),29.13,0.11,,,1,25,True,LMC,1,2001,2024,"Metallicity correction applied, systematic errors only analyzed in H0.",Valencia et al.2024,2001-05-00,2452030.5
2002A&A...383..398P,Paturel et al. 2002,W(VI),29.3,0.07,,,3,-1,False,GC,1,2002,2026,"Preferred near-solar-metallicity solution, with modest Vlim sensitivity (+0.10/-0.01 mag). Table 6 lists 102 sosie matches rather than a verified number of distinct Cepheids.",Quintero-Salazar et al.2026,2002-02-00,2452306.5
2002A&A...389...19P,"Paturel, G. et al.2002",W(VI),29.23,0.07,,,1,102,False,GC,1,2002,2024,Use data from Paturel et al. 2002 but with HIPPARCOS calibration.,Valencia et al.2024,2002-07-00,2452456.5
2004ApJ...608...42S,Sakai et al.2004,BVRI,29.14,0.09,,,1,-1,False,LMC,1,2004,2024,"They calculate gamma from TRGB, outer and inner regions of the galaxy, respectively.",Valencia et al.2024,2004-06-00,2453157.5
2004ApJ...608...42S,Sakai et al.2004,BVRI,29.24,0.08,,,1,-1,False,LMC,1,2004,2024,"They calculate gamma from TRGB, outer and inner regions of the galaxy, respectively.",Valencia et al.2024,2004-06-00,2453157.5
2006ApJS..165..108S,Saha et al.2006,W(VI),29.16,0.04,0.08,0.0894427190999915,2,65,True,GC+LMC,1,2006,2024,"They delve into the HST CTE correction, inner region of the galaxy.",Valencia et al.2024,2006-07-00,2453917.5
2011ApJ...733..124S,Shappee & Stanek 2011,W(VI),29.04,0.05,0.18,0.186815416922694,2,827,False,LMC,1,2011,2024,External region of the galaxy.,Valencia et al.2024,2011-06-00,2455713.5
2013ApJ...777...79M,Mager et al.2013,W(VI),28.96,0.11,,,3,619,True,LMC,1,2015,2024,They use the [O/H] function with respect to its galactic radius.,Valencia et al.2024,2013-11-00,2456597.5
2015MNRAS.449.1171N,Nataf et al. 2015,W(VI),29.1,0.011,,,5,228,True,LMC,1,2015,2026,Alternative relative solution using CCM89 and a fixed literature metallicity coefficient gamma=-0.23 mag dex^-1. The LMC absolute modulus is not added; the author regards the fixed-gamma analysis mainly as a comparison.,Quintero-Salazar et al.2026,2015-05-00,2457143.5
2015MNRAS.449.1171N,Nataf et al. 2015,W(VI),29.14,0.031,,,5,228,True,LMC,1,2015,2026,Relative modulus to the LMC; its zero point is not added. CCM89 uses RI=1.4695 and gives gamma=-0.433+/-0.145 mag dex^-1. Three of 231 clean Cepheids were rejected by recursive 3-sigma clipping.,Quintero-Salazar et al.2026,2015-05-00,2457143.5
2015MNRAS.449.1171N,Nataf et al. 2015,W(VI),29.14,0.011,,,5,228,True,LMC,1,2015,2026,Alternative LMC-relative solution with the F99 extinction curve and gamma=-0.23 mag dex^-1 fixed from the literature. The quoted uncertainty is random and no absolute LMC zero point is included.,Quintero-Salazar et al.2026,2015-05-00,2457143.5
2015MNRAS.449.1171N,Nataf et al. 2015,W(VI),29.17,0.031,,,5,228,True,LMC,1,2015,2026,Relative modulus to the LMC with no absolute LMC zero point added. The F99 extinction curve uses RI=1.2899 and yields gamma=-0.406+/-0.144 mag dex^-1.,Quintero-Salazar et al.2026,2015-05-00,2457143.5
2015MNRAS.449.1171N,Nataf et al. 2015,W(VI),29.17,0.011,,,5,228,True,LMC,1,2015,2026,Alternative FM07 result with gamma=-0.23 mag dex^-1 fixed. It is relative to the LMC without adding its absolute modulus. FM07 provides the smallest sensitivity to the adopted reddening cut.,Quintero-Salazar et al.2026,2015-05-00,2457143.5
2015MNRAS.449.1171N,Nataf et al. 2015,W(VI),29.2,0.031,,,5,228,True,LMC,1,2015,2026,"Preferred relative modulus; no LMC zero point is added. FM07 uses RI=1.1450, gives gamma=-0.384+/-0.144 mag dex^-1, and is least sensitive to the reddening cut. Only random error is quoted.",Quintero-Salazar et al.2026,2015-05-00,2457143.5
2016ApJ...826...56R,Riess et al.2016,VIHK,29.135,0.045,,,1,251,True,N4258,1,2016,2024,"The values do not appear in the article, they are online.",Valencia et al.2024,2016-07-00,2457570.5
2022ApJ...934L...7R,Riess et al. 2022,W H(VI),29.178,0.036,0.019,0.041,2,259,True,N4258+GC+LMC,1,2022,2026,Preferred SN-independent mu_host; no SN data from any host enter this distance. The systematic component is correlated across hosts. Error computed/retrieved from Table6.,Quintero-Salazar et al.2026,2022-07-00,2459761.5
2022ApJ...934L...7R,Riess et al. 2022,W H(VI),29.194,0.034,0.019,0.039,2,259,True,N4258+GC+LMC,1,2022,2026,Approximate mu_Ceph obtained after excluding only SN 2011fe. M101 Cepheids with P>35 days are excluded because of completeness bias. Error computed/retrieved from Table6.,Quintero-Salazar et al.2026,2022-07-00,2459761.5
