 # ; obj tags ;obj count;    raw id    ;            identifier             ;typ;      coord1 (FK5,J2000/2000)      ;  redshift  
1  ;d         ;        3;J000657+005125;SHOC 2                             ;Sy1;001.7374419936384 +00.8573176472766;0.07370     
2  ;d         ;        3;J001647-104742;LEDA 973666                        ;G  ;004.199012 -10.795065              ;0.02324     
3  ;d         ;        3;J002339-094848;6dFGS gJ002339.6-094848            ;Sy1;005.915047 -09.813533              ;0.05305     
4  ;d         ;        3;J002425+140410;LEDA 101427                        ;H2G;006.1081153099142 +14.0696497224747;0.01423     
5  ;d         ;        3;J003218+150014;SHOC 22                            ;H2G;008.0776246735898 +15.0039207329153;0.01795     
6  ;d         ;        3;J005147+000940;LEDA 3032                          ;Sy1;012.9470344881354 +00.1611412363457;0.037700    
7  ;d         ;        3;J005602-101009;SHOC 43                            ;Sy1;014.0094887057110 -10.1694025996181;0.05817     
8  ;d         ;        3;J013258-085337;[VV2003c] J013258.5-085337         ;Sy1;023.2439339392815 -08.8938938863430;0.09521     
9  ;d         ;        3;J013344+005711;LEDA 5815                          ;Sy1;023.4358754354052 +00.9531315883393;0.01924     
10 ;d         ;        3;J014137-091435;SDSS J014137.22-091435.2           ;H2G;025.4050704154404 -09.2429974673851;0.01807     
11 ;d         ;        3;J014707+135629;SHOC 84                            ;Sy1;026.7793149739792 +13.9414115175806;0.05671     
12 ;d         ;        3;J021852-091218;SDSS J021852.90-091218.7           ;bCG;034.7204703297744 -09.2052277974610;0.01282     
13 ;d         ;        3;J022037-092907;SHOC 115                           ;Sy1;035.1569247328938 -09.4853282620674;0.11307     
14 ;d         ;        3;J024052-082827;SHOC 133                           ;Sy1;040.2174818768132 -08.4743007842261;0.08238     
15 ;d         ;        3;J024453-082137;[VV2003c] J024453.6-082138         ;Sy1;041.2236217532830 -08.3605261376124;0.070       
16 ;d         ;        3;J025426-004122;PB 6923                            ;Sy1;043.6088158277717 -00.6894910501622;0.01480     
17 ;d         ;        3;J030321-075923;SHOC 148                           ;Sy1;045.8392386128234 -07.9897883605139;0.16481     
18 ;d         ;        3;J031023-083432;SDSS J031023.94-083432.8           ;Sy1;047.5997660805273 -08.5757947021476;0.050       
19 ;d         ;        3;J033526-003811;SDSS J033526.62-003811.5           ;H2G;053.8609400626708 -00.6365526922277;0.02320     
20 ;x*        ;        1;GD 50         ;GD 50                              ;WD*;057.2091144923913 -00.9756394412017;0.000588    
21 ;d         ;        3;J040937-051805;SHOC 174                           ;Sy1;062.4067965156003 -05.3016228784950;0.07478     
22 ;x*        ;        1;G191-B2B      ;BD+52 913                          ;WD*;076.3775867257754 +52.8310839179627;0.000230    
23 ;d         ;        3;J051519-391741;SCHG 0513-393                      ;H2G;078.8324155 -39.2947685            ;0.050000    
24 ;x*        ;        1;Hiltner 600   ;HD 289002                          ;*  ;101.3057253681570 +02.1374066535423;0.000166    
25 ;d         ;        3;J064650-374322;SCHG 0645-376                      ;H2G;101.7089095 -37.7226848            ;0.026000    
26 ;d         ;        3;J074806+193146;SDSS J074806.30+193146.9           ;EmG;117.0262687956015 +19.5297342814854;0.06295     
27 ;d         ;        3;J074947+154013;SDSS J074947.00+154013.3           ;G  ;117.4458687761180 +15.6704140704329;0.07421     
28 ;d         ;        3;J080000+274642;SDSS J080000.69+274642.0           ;H2G;120.002914 +27.778344              ;0.03924     
29 ;d         ;        3;J080619+194927;SDSS J080619.49+194927.3           ;H2G;121.5812482414307 +19.8242430962098;0.06978     
30 ;d         ;        3;J081334+313252;SDSS J081334.16+313252.1           ;G  ;123.3924068437549 +31.5478274799400;0.01961     
31 ;d         ;        3;J081403+235328;2MASS J08140376+2353288            ;AG?;123.515739 +23.891380              ;0.01988     
32 ;d         ;        3;J081420+575008;SDSS J081420.79+575007.9           ;QSO;123.5866131371163 +57.8355662693530;0.05524     
33 ;d         ;        3;J081737+520236;2MASX J08173762+5202361            ;PoG;124.4066455214393 +52.0434393290553;0.02356     
34 ;d         ;        3;J082520+082723;SDSS J082520.11+082723.2           ;G  ;126.3338069314821 +08.4563831992097;0.08688     
35 ;d         ;        3;J082530+504804;SHOC 203                           ;Sy1;126.3777460299859 +50.8012026112115;0.09686     
36 ;d         ;        3;J082722+202612;SDSS J082722.57+202612.7           ;G  ;126.8441003619400 +20.4368541092289;0.10860     
37 ;d         ;        3;J083946+140033;SDSS J083946.02+140033.2           ;G  ;129.941773 +14.009219              ;0.11159     
38 ;d         ;        3;J084000+180531;SDSS J084000.37+180530.9           ;EmG;130.0015474588215 +18.0919068206860;0.07232     
39 ;d         ;        3;J084029+470710;US 1442                            ;Sy1;130.1246349864106 +47.1195056398532;0.04196     
40 ;d         ;        3;J084056+022030;SDSS J084056.02+022030.9           ;G  ;130.2334384342931 +02.3419245732782;0.05038     
41 ;d         ;        3;J084219+300703;SDSS J084219.07+300703.5           ;G  ;130.5794944821724 +30.1176497051142;0.08406     
42 ;d         ;        3;J084220+115000;LEDA 3090963                       ;H2G;130.587260 +11.833436              ;0.02944     
43 ;x*        ;        1;HR 3454       ;* eta Hya                          ;bC*;130.8061552335704 +03.3986560533097;0.000054    
44 ;d         ;        3;J084414+022621;[BKD2008] WR 108                   ;EmG;131.059275 +02.439227              ;0.09109     
45 ;d         ;        3;J084527+530852;SHOC 222                           ;Sy1;131.365042 +53.148019              ;0.03108     
46 ;d         ;        3;J084634+362620;SDSS J084634.40+362620.8           ;PoG;131.643355 +36.439105              ;0.01062     
47 ;d         ;        3;J085221+121651;SDSS J085221.71+121651.7           ;EmG;133.090485 +12.281028              ;0.07592     
48 ;d         ;        3;J090418+260106;SDSS J090418.11+260106.3           ;EmG;136.0755052789735 +26.0184073397627;0.09839     
49 ;d         ;        3;J090506+223833;SDSS J090506.86+223833.9           ;EmG;136.2786151016744 +22.6427311432159;0.12561     
50 ;d         ;        3;J090531+033530;SDSS J090531.07+033530.4           ;EmG;136.3795401327058 +03.5917592454943;0.03909     
51 ;dx        ;        4;J091434+470207;LEDA 2291270                       ;SyG;138.645626 +47.035318              ;0.02731     
52 ;d         ;        3;J091640+182807;SDSS J091640.98+182807.8           ;EmG;139.1707566032105 +18.4688699401388;0.02184     
53 ;d         ;        3;J091652+003113;SHOC 247                           ;Sy1;139.2176865950352 +00.5205171199129;0.05699     
54 ;d         ;        3;J092540+063116;SDSS J092540.93+063116.8           ;G  ;141.4206370728955 +06.5212805151105;0.07486     
55 ;d         ;        3;J092749+084037;SDSS J092749.18+084037.1           ;G  ;141.9549962576258 +08.6769814446167;0.10706     
56 ;d         ;        3;J092918+002813;SHOC 257                           ;Sy1;142.3267070377275 +00.4703044904259;0.09391     
57 ;d         ;        3;J093006+602653;LB 555                             ;EmG;142.5269901116390 +60.4480972656328;0.01364     
58 ;d         ;        3;J093424+222522;SDSS J093424.08+222522.6           ;G  ;143.6003719958543 +22.4229508786488;0.08432     
59 ;dx        ;        4;J093813+542825;LEDA 27453                         ;Sy2;144.5562075622725 +54.4735907882074;0.10212     
60 ;d         ;        3;J094000+203122;SDSS J094000.51+203122.5           ;G  ;145.0021475918562 +20.5229127801380;0.04484     
61 ;d         ;        3;J094252+354725;LEDA 3531560                       ;H2G;145.7199180627836 +35.7904948197030;0.01485     
62 ;d         ;        3;J094254+340411;SDSS J094254.27+340411.9           ;EmG;145.7261232781841 +34.0700523965735;0.02256     
63 ;d         ;        3;J094809+425713;US 982                             ;EmG;147.0412573852364 +42.9537814370520;0.01715     
64 ;d         ;        3;J095000+300341;LEDA 142860                        ;H2G;147.5031878437906 +30.0614141143149;0.01730     
65 ;d         ;        3;J095023+004229;SHOC 282                           ;Sy1;147.5971955785384 +00.7081317766930;0.09772     
66 ;d         ;        3;J095131+525936;LEDA 28398                         ;EmG;147.8823339870502 +52.9933248497515;0.04626     
67 ;d         ;        3;J095226+021759;SHOC 283                           ;Sy1;148.1123612749755 +02.2999056519330;0.11918     
68 ;d         ;        3;J095227+322809;LEDA 28449                         ;AG?;148.11486122 +32.46960293          ;0.015060    
69 ;d         ;        3;J095545+413429;2MASX J09554552+4134302            ;EmG;148.9398490924527 +41.5748625782264;0.01576     
70 ;x*        ;        1;GD 108        ;GD 108                             ;HS*;150.1968661541422 -07.5585532725435;0.000302    
71 ;d         ;        3;J100720+193349;SDSS J100720.48+193349.5           ;EmG;151.8353737648551 +19.5637819658763;0.03143     
72 ;d         ;        3;J100746+025228;RESOLVE rs219                      ;EmG;151.9437834465516 +02.8745734395481;0.02349     
73 ;d         ;        3;J101036+641242;[HM2015b] 84 2                     ;G  ;152.6526462571231 +64.2118401527106;0.03953     
74 ;d         ;        3;J101042+125516;[BKD2008] WR 341                   ;EmG;152.6772488812309 +12.9213158418806;0.06136     
75 ;d         ;        3;J101136+263027;SDSS J101136.05+263027.5           ;G  ;152.900229 +26.507631              ;0.05467     
76 ;d         ;        3;J101157+130822;SDSS J101157.08+130822.0           ;EmG;152.9878610174753 +13.1394618194447;0.14378     
77 ;d         ;        3;J101430+004755;2QZ J101430.9+004754               ;Sy1;153.6290651747648 +00.7986438829374;0.147       
78 ;d         ;        3;J101458+193219;SDSS J101458.64+193219.5           ;EmG;153.7443364180922 +19.5387486123419;0.01263     
79 ;d         ;        3;J102429+052451;[ITS2007] 52319-575-521            ;EmG;156.121878 +05.414161              ;0.03329     
80 ;d         ;        3;J102732-284201;LEDA 30766                         ;H2G;156.8838 -28.7003                  ;0.032000    
81 ;d         ;        3;J103226+271755;SDSS J103226.95+271755.2           ;EmG;158.1123283449370 +27.2986706126834;0.19243     
82 ;d         ;        3;J103328+070801;Z 37-76                            ;H2G;158.3688869339107 +07.1338073076060;0.04453     
83 ;d         ;        3;J103412+014249;SDSS J103412.22+014249.1           ;G  ;158.550956 +01.713623              ;0.06870     
84 ;d         ;        3;J103509+094516;SDSS J103509.33+094516.7           ;G  ;158.7888634522578 +09.7546876955984;0.04913     
85 ;d         ;        3;J103726+270759;SDSS J103726.54+270759.6           ;G  ;159.360618 +27.133241              ;0.07708     
86 ;x*        ;        1;Feige 34      ;Feige 34                           ;HS*;159.9030684986563 +43.1025547865356;-0.000031   
87 ;d         ;        3;J104457+035313;[ITS2007] 52339-578-60             ;EmG;161.240826 +03.886981              ;0.01315     
88 ;d         ;        3;J104554+010405;SHOC 308                           ;EmG;161.478250 +01.068271              ;0.02620     
89 ;d         ;        3;J104653+134645;[ITS2007] 53357-1749-499           ;EmG;161.724951 +13.779367              ;0.01074     
90 ;d         ;        3;J104723+302144;Ton 542                            ;rG ;161.848371 +30.362295              ;0.02945     
91 ;d         ;        3;J104755+073951;SDSS J104755.92+073951.2           ;Sy1;161.9830304594677 +07.6642270898377;0.16828     
92 ;d         ;        3;J104829+111520;SDSSCGB 46575.1                    ;G  ;162.1218021999947 +11.2554969291580;0.09273     
93 ;d         ;        3;J105032+153806;SDSSCGB 21027.1                    ;EmG;162.635473 +15.635084              ;0.08443     
94 ;d         ;        3;J105040+342947;SDSS J105040.83+342947.3           ;EmG;162.670153 +34.496491              ;0.05227     
95 ;d         ;        3;J105108+131927;SDSS J105108.88+131927.9           ;H2G;162.787023 +13.324436              ;0.04545     
96 ;d         ;        3;J105210+032713;SDSS J105210.41+032713.2           ;QSO;163.0434096960679 +03.4536856385346;0.15015     
97 ;d         ;        3;J105326+043014;2MASS J10532599+0430141            ;AG?;163.3584288421278 +04.5040215834632;0.01900     
98 ;d         ;        3;J105331+011740;2QZ J105331.4+011739               ;EmG;163.3808839605634 +01.2945073413754;0.12380     
99 ;d         ;        3;J105741+653539;LEDA 2678872                       ;Sy1;164.4248696889153 +65.5944138270268;0.01146     
100;d         ;        3;J105940+080056;BFW78 7                            ;EmG;164.9207287879578 +08.0158092971616;0.02752     
101;d         ;        3;J110838+223809;LEDA 139529                        ;EmG;167.160421 +22.636044              ;0.02404     
102;d         ;        3;J114212+002003;SDSS J114212.38+002002.5           ;PoG;175.551594 +00.334036              ;0.01855     
103;d         ;        3;J115023-003141;2dFGRS TGN378Z115                  ;H2G;177.5994175625703 -00.5280832428049;0.01277     
104;d         ;        3;J121329+114056;SDSS J121329.49+114056.9           ;H2G;183.3728591015251 +11.6824813599694;0.02069     
105;d         ;        3;J121717-280233;LEDA 39402                         ;AGN;184.321230 -28.042410              ;0.026000    
106;x*        ;        1;Feige 66      ;BD+25 2534                         ;HS*;189.3479876478090 +25.0666283820698;0.000004    
107;d         ;        3;J125305-031258;2MASS J12530596-0312588            ;AGN;193.274861 -03.216357              ;0.02272     
108;d         ;        3;J130119+123959;NVSS J130119+123941                ;rG ;195.3302522564762 +12.6664997549424;0.06924     
109;d         ;        3;J131235+125743;SDSS J131235.15+125743.3           ;H2G;198.1466465397519 +12.9621109039549;0.02574     
110;x*        ;        1;Hz 44         ;HZ 44                              ;HS*;200.8969308681305 +36.1332063158224;-0.000136   
111;d         ;        3;J132347-013252;2QZ J132347.5-013252               ;EmG;200.9477454828524 -01.5477915172680;0.02246     
112;d         ;        3;J132549+330354;2MASS J13254946+3303544            ;EmG;201.4559272346062 +33.0650950591200;0.01470     
113;d         ;        3;J133708-325528;ESO 383-43                         ;AG?;204.2846 -32.9256                  ;0.012108    
114;d         ;        3;J134531+044232;LEDA 48782                         ;H2G;206.3813418337591 +04.7092110459547;0.03041     
115;d         ;        3;J142342+225728;[MWC2015] B1422+231 21070          ;AGN;215.9286250235302 +22.9580018635584;0.03285     
116;d         ;        3;J144805-011057;6dFGS gJ144805.3-011058            ;AGN;222.0223798518830 -01.1826903457946;0.02739     
117;x*        ;        1;BD + 33d2642  ;BD+33 2642                         ;pA*;237.9995257181873 +32.9484282052814;-0.000316   
118;d         ;        3;J162152+151855;SDSS J162152.57+151856.0           ;EmG;245.4690613474534 +15.3155553795209;0.03434     
119;d         ;        3;J171236+321633;SDSS J171236.63+321633.4           ;EmG;258.1526163919776 +32.2759028418881;0.01204     
120;d         ;        3;J192758-413432;ESO 338-4                          ;EmG;291.993082 -41.575219              ;0.009486    
121;d         ;        3;J210114-055510;SHOC 584                           ;Sy1;315.3100433028102 -05.9195369904844;0.19622     
122;d         ;        3;J210501-062238;SHOC 586                           ;Sy1;316.2562739530598 -06.3774816225598;0.140       
123;d         ;        3;J211527-075951;[VV2003c] J211527.1-075951         ;Sy1;318.8627977022723 -07.9976093084004;0.02835     
124;d         ;        3;J211902-074226;SHOC 590                           ;Sy1;319.7593097558674 -07.7076048214584;0.08956     
125;d         ;        3;J212043+010006;SDSS J212043.95+010006.8           ;G  ;320.1830964896464 +01.0018933486595;0.11375     
126;d         ;        3;J212332-074831;SDSS J212332.71-074831.0           ;G  ;320.8862293886398 -07.8085342107737;0.02798     
127;d         ;        3;J214350-072003;SDSS J214350.85-072003.6           ;G  ;325.9619160763867 -07.3343580910778;0.10987     
128;d         ;        3;J220802+131334;SDSS J220802.87+131334.4           ;G  ;332.0120106613590 +13.2262542797853;0.11622     
129;d         ;        3;J221823+003918;SDSS J221823.85+003918.4           ;G  ;334.5994320528309 +00.6551316502077;0.10843     
130;d         ;        3;J222510-001152;SDSS J222510.13-001152.9           ;EmG;336.2922450257738 -00.1979844908029;0.06668     
131;d         ;        3;J224556+125022;[BKD2008] WR 141                   ;PoG;341.487224 +12.839554              ;0.08048     
132;d         ;        3;J225140+132713;2MASS J22514028+1327137            ;H2G;342.917989 +13.453716              ;0.06214     
133;d         ;        3;J230117+135230;SDSS J230117.64+135230.2           ;G  ;345.323545 +13.875071              ;0.02456     
134;d         ;        3;J230123+133314;[ITS2007] 52263-742-179            ;H2G;345.348307 +13.554096              ;0.03029     
135;d         ;        3;J230703+011311;SHOC 595                           ;Sy1;346.7656830052835 +01.2197848644810;0.12577     
136;d         ;        3;J231442+010621;[VV2003c] J231442.1+010620         ;Sy1;348.675646 +01.105846              ;0.03420     
137;d         ;        3;J232936-011056;LEDA 71582                         ;Sy1;352.4023002285870 -01.1825342505500;0.06600     

