No.,Object Name,RA-s,Dec-s,RA,Dec,Object Type,cz (Velocity),Redshift (z),z flag
1,UM 199,00h06m57.0273s,+00d51m25.852s,1.7376141,0.8571812,G,22089.2029629957,0.07368165,SLS
2,UM 282,00h51m47.3068s,+00d09m40.046s,12.947112,0.16112404,G,11259.0825993097,0.037556257,SLS
3,UM 336,01h33m44.6818s,+00d57m11.082s,23.4361743,0.9530784,G,5766.68930406709,0.019235605,SLS
4,MRK 0627,08h46m34.4153s,+36d26m20.321s,131.6433974,36.4389781,G,3188.0,0.0106340233549171,SLS
5,SBS 0934+546,09h38m13.5121s,+54d28m25.026s,144.5563008,54.4736184,G,30609.4263350936,0.102102056,SLS
6,UM 455,11h50m23.8100s,-00d31m41.637s,177.5992087,-0.5282325,G,3863.12558380875,0.0128859999,SUN
7,UM 570,13h23m47.4600s,-01d32m51.947s,200.94775,-1.5477633,G,6729.741097184,0.022448,SLS
8,ESO 383-IG 043,13h37m08.3904s,-32d55m30.216s,204.28496,-32.92506,G,3648.47421386,0.01217,UUN
9,UM 162,23h29m36.5505s,-01d10m57.086s,352.4022941,-1.182524,G,19784.8902055228,0.06599529,SLS
10,WISEA J084220.93+115001.2,08h42m20.9378s,+11d50m01.287s,130.5872411,11.8336909,G,8826.34564805616,0.02944152,SLS
11,KUG 0952+418,09h55m45.5385s,+41d34m30.331s,148.939744,41.575092,G,4694.49117138875,0.015659137,SLS
12,TON 0542,10h47m23.6135s,+30d21m44.222s,161.8483898,30.3622841,G,8827.84760827074,0.02944653,SLS
13,SHOC 391,12h53m05.9641s,-03d12m58.760s,193.2748505,-3.2163223,G,6812.20141109656,0.022723058,SLS
14,WAS 69,13h25m49.4106s,+33d03m54.637s,201.4558777,33.0651771,G,4383.00770690412,0.01462014,SLS
15,WAS 17,11h08m38.4924s,+22d38m09.828s,167.1603851,22.6360635,G,7139.7015874423,0.023815481,SLS
16,WISEA J095000.75+300340.9,09h50m00.7529s,+30d03m40.917s,147.5031371,30.061366,G,5185.65794370779,0.017297493,SLS
17,WISEA J095227.57+322810.3,09h52m27.5760s,+32d28m10.304s,148.1149003,32.4695289,G,4476.20508769995,0.014931013,SLS
18,WISEA J094252.78+354725.7,09h42m52.7863s,+35d47m25.787s,145.7199432,35.7904965,G,4453.89423318314,0.014856592,SLS
19,WISEA J105040.86+342946.3,10h50m40.8673s,+34d29m46.388s,162.6702805,34.4962189,G,15648.0696667886,0.052196342,SLS
20,SCHG 0513-393,05h15m19.7788s,-39d17m41.149s,78.83241195974,-39.29476365941,G,14989.6231098547,0.0500000007,SUN
21,SCHG 0645-376,06h46m50.1370s,-37d43m21.644s,101.7089043741,-37.72267894281,G,7794.60405789623,0.0260000005,SUN
22,SCHG 1025-284,10h27m32.1864s,-28d42m01.536s,156.8841102,-28.7004269,G,9593.358656,0.032,SUN
23,TOLOLO 1057+083,10h59m40.9543s,+08d00m56.957s,164.9206431,8.0158215,G,8249.06079404449,0.027515905,SLS
24,SCHG 1214-277,12h17m17.1513s,-28d02m31.428s,184.321464,-28.0420635,G,7785.010549344,0.025968,UUN
25,TOLOLO 1343+049,13h45m31.5024s,+04d42m32.715s,206.38126,4.7090875,G,9116.78847866851,0.030410333,SLS
26,SBS 0948+532,09h51m31.7664s,+52d59m36.052s,147.88236,52.993348,G,13841.1764529313,0.046169195,SLS
27,SHOC 143,02h54m26.1398s,-00d41m23.016s,43.608916,-0.6897268,G,4432.08613061838,0.014783848,SLS
28,SHOC 220,08h40m29.9090s,+47d07m10.282s,130.1246211,47.1195229,G,12580.7011618175,0.041964702,SLS
29,SHOC 316,10h57m41.8493s,+65d35m39.646s,164.4243723,65.5943463,G,3445.86667613969,0.011494174,SLS
30,SHOC 008,00h16m47.6986s,-10d47m42.043s,4.1987442,-10.795012,G,6968.97098178113,0.023245985,SLS
31,SBS 0813+521,08h17m37.5946s,+52d02m36.368s,124.4066444,52.0434358,G,7052.317781992,0.023524,SLS
32,WISEA J094809.88+425713.1,09h48m09.8828s,+42d57m13.195s,147.0411787,42.9536655,G,5134.58560035537,0.017127134,SLS
33,SBS 0911+472,09h14m34.9465s,+47d02m07.664s,138.6456105,47.0354623,G,8175.17844173268,0.02726946,SLS
34,2MASS J00242593+1404094,00h24m25.9380s,+14d04m09.476s,6.108075,14.069299,G,4269.1588228465,0.014240381,SLS
35,SHOC 022,00h32m18.5681s,+15d00m14.243s,8.0773672,15.0039565,G,5368.40573004789,0.017907074,SLS
36,WISEA J121329.48+114057.2,12h13m29.4871s,+11d40m57.286s,183.3728631,11.6825796,G,6192.00000000001,0.0206542887746696,SLS
37,CGCG 037-076 NED02,10h33m28.4997s,+07d08m01.720s,158.3687489,7.1338112,G,13349.8888642517,0.044530436,SLS
38,WISEA J130119.26+123959.7,13h01m19.2662s,+12d39m59.721s,195.330276,12.6665894,G,20732.1324433671,0.06915495,SLS
39,WISEA J104653.98+134646.4,10h46m53.9856s,+13d46m46.428s,161.72494,13.7795635,G,3180.91489843862,0.01061039,SLS
40,SHOC 293,10h14m30.9753s,+00d47m55.209s,153.6290639,0.7986693,G,44042.7408449727,0.14691077,SLS
41,SBS 0926+606A,09h30m06.6455s,+60d26m52.582s,142.5276896,60.4479397,G,4094.80102823599,0.013658786,SLS
42,SHOC 168,03h35m26.6397s,-00d38m11.322s,53.860999,-0.63647854,G,6945.58986818925,0.023167994,SLS
43,SHOC 282,09h50m23.3205s,+00d42m29.406s,147.597169,0.7081685,G,29294.9815063133,0.09771754,SLS
44,SHOC 308,10h45m54.7776s,+01d04m05.836s,161.47824,1.0682879,G,7854.16427521577,0.026198672,SLS
45,SHOC 014,00h23m39.6184s,-09d48m48.488s,5.9150767,-9.8134691,G,15899.3521075747,0.05303453,SLS
46,SHOC 043,00h56m02.2674s,-10d10m09.824s,14.0094476,-10.1693957,G,17440.2712514492,0.058174483,SLS
47,SHOC 113,02h18m52.8611s,-09d12m18.536s,34.7202548,-9.205149,G,3809.73017867854,0.012707892,SLS
48,SHOC 592,21h23m32.7313s,-07d48m31.808s,320.8863807,-7.8088356,G,8386.54951258524,0.027974518,SLS
49,SHOC 590,21h19m02.3072s,-07d42m27.240s,319.7596136,-7.7075669,G,26850.6506813315,0.08956413,SLS
50,SHOC 247,09h16m52.2845s,+00d31m13.397s,139.2178522,0.5203883,G,17085.3010921769,0.05699043,SLS
51,WISEA J231442.11+010621.6,23h14m42.1172s,+01d06m21.657s,348.6754887,1.106016,G,10252.6082669912,0.03419902,SLS
52,SHOC 072,01h32m58.5472s,-08d53m37.697s,23.243947,-8.8938049,G,28554.2141288975,0.095246606,SLS
53,SHOC 084,01h47m07.0358s,+13d56m29.229s,26.7793161,13.9414527,G,16975.1573431077,0.05662303,SLS
54,SHOC 115,02h20m37.6489s,-09d29m06.999s,35.1568704,-9.4852776,G,33925.6669494886,0.113163844,SLS
55,SHOC 133,02h40m52.1899s,-08d28m27.442s,40.2174583,-8.4742897,G,24648.4742163747,0.08221846,SLS
56,SHOC 134,02h44m53.6654s,-08d21m37.936s,41.223606,-8.3605378,G,23261.1771221682,0.077590935,SLS
57,SHOC 148,03h03m21.4178s,-07d59m22.764s,45.8392412,-7.9896568,G,49409.6883845048,0.16481298,SLS
58,SHOC 153,03h10m23.9455s,-08d34m32.828s,47.599773,-8.5757858,G,15444.8553491333,0.051518492,SLS
59,SHOC 174,04h09m37.6240s,-05d18m05.816s,62.406767,-5.3016157,G,22417.1039618578,0.07477541,SLS
60,SHOC 203,08h25m30.6531s,+50d48m04.987s,126.3777214,50.8013853,G,29037.2709156428,0.09685791,SLS
61,CGCG 264-011 NED04,08h45m27.6122s,+53d08m53.071s,131.365051,53.1480755,G,9313.35265012423,0.0310660005,SUN
62,SHOC 257,09h29m18.3959s,+00d28m13.241s,142.3266499,0.47034477,G,28142.8161338031,0.09387433,SLS
63,SHOC 283,09h52m26.9270s,+02d17m59.982s,148.1121962,2.2999951,G,35712.1709784848,0.11912298,SLS
64,SHOC 486,14h48m05.3486s,-01d10m58.081s,222.0222862,-1.1828004,G,8213.6873825477,0.027397912,SLS
65,SHOC 584,21h01m14.3952s,-05d55m10.309s,315.30998,-5.9195304,G,58813.1195245881,0.19617945,SLS
66,SHOC 586,21h05m01.5217s,-06d22m39.032s,316.2563404,-6.3775091,G,42823.4309556442,0.14284359,SLS
67,SHOC 595,23h07m03.7529s,+01d13m11.253s,346.7656373,1.2197925,G,37704.4597456713,0.12576854,SLS
68,SHOC 588,21h15m27.0792s,-07d59m51.363s,318.86283,-7.9976009,G,8528.90656085146,0.02844937,SLS
69,WISEA J104457.84+035312.9,10h44m57.8424s,+03d53m12.933s,161.2410102,3.886926,G,3864.924368536,0.012892,UUN
70,WISEA J105326.00+043014.5,10h53m26.0027s,+04d30m14.529s,163.3583447,4.5040359,G,5696.47521227137,0.019001396,SLS
71,SHOC 079a,01h41m37.2180s,-09d14m35.238s,25.405075,-9.2431219,PofG,5415.66201520243,0.018064704,SLS
72,WISEA J220802.85+131334.5,22h08m02.8553s,+13d13m34.538s,332.0118974,13.2262608,G,34841.0190644055,0.11621713,SLS
73,WISEA J212043.94+010006.9,21h20m43.9460s,+01d00m06.906s,320.1831085,1.0019185,G,34102.0426471339,0.11375217,SLS
74,WISEA J104755.92+073951.2,10h47m55.9215s,+07d39m51.228s,161.9830066,7.6642302,G,50450.2859937703,0.16828404,SLS
75,WISEA J214350.85-072003.9,21h43m50.8608s,-07d20m03.673s,325.96192,-7.3343537,G,32939.396530292,0.109874,SLS
76,WISEA J092540.91+063116.8,09h25m40.9102s,+06d31m16.856s,141.4204593,6.521349,G,22443.8094740164,0.07486449,SLS
77,WISEA J103509.33+094517.2,10h35m09.3367s,+09d45m17.271s,158.788903,9.7547976,G,14751.1589851331,0.04920457,SLS
78,WISEA J092749.17+084037.1,09h27m49.1786s,+08d40m37.117s,141.9549112,8.6769771,G,32096.5240387758,0.10706248,SLS
79,WISEA J101036.62+641242.6,10h10m36.6230s,+64d12m42.670s,152.652596,64.2118528,G,11851.3513801647,0.039531853,SLS
80,WISEA J100746.48+025229.1,10h07m46.4813s,+02d52m29.147s,151.9436723,2.8747633,G,7046.13486233821,0.023503376,SLS
81,WISEA J222510.11-001153.1,22h25m10.1328s,-00d11m52.837s,336.29222,-0.19801052,G,19990.5838068058,0.06668141,SLS
82,WISEA J105331.37+011740.5,10h53m31.3719s,+01d17m40.580s,163.3807163,1.2946058,G,37113.0052011323,0.12379566,SLS
83,WISEA J105210.40+032712.7,10h52m10.4136s,+03d27m13.279s,163.04339,3.4536887,G,45013.9574856832,0.1501504,SLS
84,WISEA J221823.83+003918.6,22h18m23.8365s,+00d39m18.620s,334.599319,0.6551724,G,32505.8876422503,0.10842797,SLS
85,WISEA J102429.21+052451.0,10h24m29.2199s,+05d24m51.092s,156.1217497,5.4141923,G,9950.34851706182,0.03319079,SLS
86,WISEA J090531.04+033530.3,09h05m31.0465s,+03d35m30.300s,136.3793606,3.5917501,G,11718.3343659274,0.039088156,SLS
87,WISEA J084414.20+022621.3,08h44m14.2089s,+02d26m21.363s,131.0592038,2.4392677,G,27309.0183599906,0.09109308,SLS
88,WISEA J084056.00+022030.8,08h40m56.0026s,+02d20m30.858s,130.2333443,2.3419051,G,15102.5097500599,0.05037655,SLS
89,WISEA J225140.29+132713.7,22h51m40.2976s,+13d27m13.722s,342.9179067,13.4538119,G,18629.6909333377,0.06214196,SLS
90,WISEA J230123.64+133314.2,23h01m23.6430s,+13d33m14.285s,345.3485128,13.5539682,G,9080.47521781589,0.030289205,SLS
91,WISEA J230117.65+135229.7,23h01m17.6595s,+13d52m29.713s,345.3235814,13.8749203,G,7361.75756129044,0.02455618,SLS
92,WISEA J224556.90+125022.4,22h45m56.9001s,+12d50m22.437s,341.487084,12.8395659,G,24126.6015013374,0.08047768,SLS
93,WISEA J081334.13+313251.9,08h13m34.1385s,+31d32m51.942s,123.3922438,31.5477617,G,5854.92392051319,0.019529924,SLS
94,WISEA J080000.72+274641.8,08h00m00.7236s,+27d46m41.834s,120.0030151,27.7782874,G,11767.9008517633,0.039253492,SLS
95,SDSS J171236.62+321633.4,17h12m36.6312s,+32d16m33.427s,258.15263,32.275952,G,3582.41644470199,0.011949655,SLS
96,WISEA J084219.11+300703.6,08h42m19.1195s,+30d07m03.630s,130.5796647,30.1176752,G,25200.5869966504,0.08406011,SLS
97,WISEA J081403.76+235328.7,08h14m03.7618s,+23d53m28.785s,123.5156744,23.8913294,G,5960.73027230005,0.019882856,SLS
98,WISEA J074806.32+193146.4,07h48m06.3280s,+19d31m46.486s,117.0263669,19.5295797,G,18860.7469765674,0.06291268,SLS
99,WISEA J104829.15+111520.0,10h48m29.1552s,+11d15m20.089s,162.1214802,11.2555804,G,27791.7891447309,0.09270343,SLS
100,WISEA J101042.53+125516.8,10h10m42.5379s,+12d55m16.822s,152.6772414,12.9213396,G,18381.1300084853,0.06131285,SLS
101,SDSS J082520.11+082723.0,08h25m20.1120s,+08d27m23.204s,126.3338,8.4564458,G,26037.2103143795,0.086850785,SLS
102,WISEA J101157.10+130822.0,10h11m57.0888s,+13d08m22.124s,152.98787,13.139479,G,43103.0443832962,0.14377628,SLS
103,WISEA J080619.49+194927.2,08h06m19.4918s,+19d49m27.251s,121.5812161,19.8242364,G,20919.274887349,0.06977919,SLS
104,WISEA J081420.73+575007.7,08h14m20.7377s,+57d50m07.785s,123.5864074,57.835496,G,16564.3097669662,0.05525259,SLS
105,WISEA J105108.90+131928.2,10h51m08.9080s,+13d19m28.218s,162.7871169,13.324505,G,13618.2717666346,0.045425665,SLS
106,WISEA J074947.00+154013.4,07h49m47.0088s,+15d40m13.328s,117.44587,15.670369,G,22241.3356437324,0.07418911,SLS
107,WISEA J090418.13+260106.2,09h04m18.1308s,+26d01m06.255s,136.075545,26.0184042,G,29495.8466502677,0.098387554,SLS
108,WISEA J082722.53+202613.0,08h27m22.5388s,+20d26m13.092s,126.8439118,20.4369701,G,32557.1221733225,0.10859887,SLS
109,SDSS J094254.26+340411.9,09h42m54.2736s,+34d04m11.892s,145.72614,34.06997,G,6741.54002895351,0.022487357,SLS
110,WISEA J142342.85+225728.4,14h23m42.8524s,+22d57m28.453s,215.9285518,22.9579036,G,9847.5940524974,0.032848038,SLS
111,2MASS J11421221+0020039,11h42m12.2162s,+00d20m03.919s,175.550901,0.334422,G,5396.264244,0.018,SLS
112,WISEA J103411.72+014247.2,10h34m11.7297s,+01d42m47.249s,158.548874,1.7131248,*,,,
113,SDSS J131235.33+125744.5,13h12m35.3393s,+12d57m44.510s,198.1472474571,12.9623639909,G,,,
114,WISEA J105032.51+153806.6,10h50m32.5192s,+15d38m06.607s,162.6354968,15.6351686,G,25310.4591337526,0.084426604,SLS
115,WISEA J085221.70+121651.7,08h52m21.7078s,+12d16m51.777s,133.0904493,12.2810493,G,22761.3871195873,0.075923815,SLS
116,WISEA J083946.00+140033.4,08h39m46.0057s,+14d00m33.485s,129.9416907,14.0093014,G,33459.9129842492,0.111610256,SLS
117,WISEA J101458.63+193219.3,10h14m58.6416s,+19d32m19.554s,153.74434,19.538765,G,3785.93625087199,0.012628524,SLS
118,WISEA J100720.55+193348.5,10h07m20.4936s,+19d33m49.629s,151.83539,19.563786,G,9416.3797759292,0.031409662,SLS
119,WISEA J091640.96+182808.4,09h16m40.9824s,+18d28m07.914s,139.17076,18.468865,G,6526.69316434289,0.021770705,SLS
120,WISEA J093424.08+222522.6,09h34m24.0818s,+22d25m22.645s,143.6003412,22.4229571,G,25279.2555355542,0.08432252,SLS
121,WISEA J084000.36+180530.9,08h40m00.3656s,+18d05m30.910s,130.0015237,18.0919195,G,21641.4989020677,0.07218827,SLS
122,WISEA J103726.55+270759.4,10h37m26.5570s,+27d07m59.422s,159.3606545,27.1331729,G,23107.2262001738,0.07707741,SLS
123,WISEA J103226.97+271755.3,10h32m26.9567s,+27d17m55.244s,158.1123199,27.298679,G,57707.1881449507,0.19249046,SLS
124,WISEA J101136.07+263027.5,10h11m36.0760s,+26d30m27.574s,152.9003168,26.5076596,G,16388.4665007263,0.05466604,SLS
125,WISEA J162152.58+151855.9,16h21m52.5834s,+15d18m55.934s,245.4690976,15.3155374,G,10295.0510844401,0.034340594,SLS
126,WISEA J090506.84+223834.7,09h05m06.8640s,+22d38m33.932s,136.2786,22.642759,G,37638.4604360426,0.12554839,SLS
127,WISEA J094000.50+203122.7,09h40m00.5062s,+20d31m22.702s,145.0021095,20.522973,G,13430.4089213761,0.044799022,SLS
128,WISEA J192757.99-413431.8,19h27m57.9977s,-41d34m31.847s,291.9916572,-41.5755132,IrS,,,
